transaction_id,source_file,original_date,person,merchant,original_description,actual_amount,allowed_amount,net_effect,pattern_matched,calculation_notes,transaction_type,integrity_check,running_balance_ryan,running_balance_jordyn,reconciliation_notes
txn_0241,,2024-07-04,Ryan,FRYS-FOOD-DRG #051 CHANDLER AZ,FRYS-FOOD-DRG #051 CHANDLER AZ,0.0,0.0,0.0,[],SR | Standard 50/50 split,standard,True,0.0,0.0,
txn_0242,,2024-07-04,Jordyn,FRYS-FOOD-DRG #051 CHANDLER AZ,FRYS-FOOD-DRG #051 CHANDLER AZ,0.0,0.0,0.0,[],SR | Standard 50/50 split,standard,True,0.0,0.0,
txn_0243,,2024-07-06,Ryan,TOTAL WINE AND MORE PHOENIX AZ,TOTAL WINE AND MORE PHOENIX AZ,0.0,0.0,0.0,[],SR | Standard 50/50 split,standard,True,0.0,0.0,
txn_0244,,2024-07-06,Jordyn,TOTAL WINE AND MORE PHOENIX AZ,TOTAL WINE AND MORE PHOENIX AZ,0.0,0.0,0.0,[],SR | Standard 50/50 split,standard,True,0.0,0.0,
txn_0245,,2024-07-06,Ryan,AMAZON.COM*R71IE4QJ2 SEATTLE WA,AMAZON.COM*R71IE4QJ2 SEATTLE WA,0.0,0.0,0.0,[],SR | Standard 50/50 split,standard,True,0.0,0.0,
txn_0246,,2024-07-06,Jordyn,AMAZON.COM*R71IE4QJ2 SEATTLE WA,AMAZON.COM*R71IE4QJ2 SEATTLE WA,0.0,0.0,0.0,[],SR | Standard 50/50 split,standard,True,0.0,0.0,
txn_0247,,2024-07-07,Ryan,IN-N-OUT PRESCOTT PRESCOTT AZ,IN-N-OUT PRESCOTT PRESCOTT AZ,0.0,0.0,0.0,[],SR | Standard 50/50 split,standard,True,0.0,0.0,
txn_0248,,2024-07-07,Jordyn,IN-N-OUT PRESCOTT PRESCOTT AZ,IN-N-OUT PRESCOTT PRESCOTT AZ,0.0,0.0,0.0,[],SR | Standard 50/50 split,standard,True,0.0,0.0,
txn_0249,,2024-07-08,Ryan,AMTRAK MOBIL1900710219973 WASHINGTON DC,AMTRAK MOBIL1900710219973 WASHINGTON DC,0.0,0.0,0.0,[],SR | Standard 50/50 split,standard,True,0.0,0.0,
txn_0250,,2024-07-08,Jordyn,AMTRAK MOBIL1900710219973 WASHINGTON DC,AMTRAK MOBIL1900710219973 WASHINGTON DC,0.0,0.0,0.0,[],SR | Standard 50/50 split,standard,True,0.0,0.0,
txn_0251,,2024-07-09,Ryan,TARGET 00018382 CHANDLER AZ,TARGET 00018382 CHANDLER AZ,0.0,0.0,0.0,[],SR | Standard 50/50 split,standard,True,0.0,0.0,
txn_0252,,2024-07-09,Jordyn,TARGET 00018382 CHANDLER AZ,TARGET 00018382 CHANDLER AZ,0.0,0.0,0.0,[],SR | Standard 50/50 split,standard,True,0.0,0.0,
txn_0253,,2024-07-09,Ryan,FRYS 5051 866-576-4377 AZ,FRYS 5051 866-576-4377 AZ,0.0,0.0,0.0,[],SR | Standard 50/50 split,standard,True,0.0,0.0,
txn_0254,,2024-07-09,Jordyn,FRYS 5051 866-576-4377 AZ,FRYS 5051 866-576-4377 AZ,0.0,0.0,0.0,[],SR | Standard 50/50 split,standard,True,0.0,0.0,
txn_0255,,2024-07-14,Ryan,TST* O.H.S.O. - GILBERT GILBERT AZ,TST* O.H.S.O. - GILBERT GILBERT AZ,0.0,0.0,0.0,[],SR | Standard 50/50 split,standard,True,0.0,0.0,
txn_0256,,2024-07-14,Jordyn,TST* O.H.S.O. - GILBERT GILBERT AZ,TST* O.H.S.O. - GILBERT GILBERT AZ,0.0,0.0,0.0,[],SR | Standard 50/50 split,standard,True,0.0,0.0,
txn_0257,,2024-07-14,Ryan,AMAZON MKTPL*RY2RM8762 Amzn.com/bill WA,AMAZON MKTPL*RY2RM8762 Amzn.com/bill WA,0.0,0.0,0.0,[],SR | Standard 50/50 split,standard,True,0.0,0.0,
txn_0258,,2024-07-14,Jordyn,AMAZON MKTPL*RY2RM8762 Amzn.com/bill WA,AMAZON MKTPL*RY2RM8762 Amzn.com/bill WA,0.0,0.0,0.0,[],SR | Standard 50/50 split,standard,True,0.0,0.0,
txn_0259,,2024-07-14,Ryan,UNPHOGETTABLE CHANDLER CHANDLER AZ,UNPHOGETTABLE CHANDLER CHANDLER AZ,0.0,0.0,0.0,[],SR | Standard 50/50 split,standard,True,0.0,0.0,
txn_0260,,2024-07-14,Jordyn,UNPHOGETTABLE CHANDLER CHANDLER AZ,UNPHOGETTABLE CHANDLER CHANDLER AZ,0.0,0.0,0.0,[],SR | Standard 50/50 split,standard,True,0.0,0.0,
txn_0261,,2024-07-15,Ryan,MY PET MARKET #15 480-8214500 AZ,MY PET MARKET #15 480-8214500 AZ,0.0,0.0,0.0,[],SR | Standard 50/50 split,standard,True,0.0,0.0,
txn_0262,,2024-07-15,Jordyn,MY PET MARKET #15 480-8214500 AZ,MY PET MARKET #15 480-8214500 AZ,0.0,0.0,0.0,[],SR | Standard 50/50 split,standard,True,0.0,0.0,
txn_0263,,2024-07-16,Ryan,SPROUTS FARMERS MAR CHANDLER AZ,SPROUTS FARMERS MAR CHANDLER AZ,0.0,0.0,0.0,[],SR | Standard 50/50 split,standard,True,0.0,0.0,
txn_0264,,2024-07-16,Jordyn,SPROUTS FARMERS MAR CHANDLER AZ,SPROUTS FARMERS MAR CHANDLER AZ,0.0,0.0,0.0,[],SR | Standard 50/50 split,standard,True,0.0,0.0,
txn_0265,,2024-07-16,Ryan,AMAZON MKTPL*RS14F6ZM2 Amzn.com/bill WA,AMAZON MKTPL*RS14F6ZM2 Amzn.com/bill WA,0.0,0.0,0.0,[],SR | Standard 50/50 split,standard,True,0.0,0.0,
txn_0266,,2024-07-16,Jordyn,AMAZON MKTPL*RS14F6ZM2 Amzn.com/bill WA,AMAZON MKTPL*RS14F6ZM2 Amzn.com/bill WA,0.0,0.0,0.0,[],SR | Standard 50/50 split,standard,True,0.0,0.0,
txn_0267,,2024-07-18,Ryan,AMAZON MKTPL*RS9DW6DT2 Amzn.com/bill WA,AMAZON MKTPL*RS9DW6DT2 Amzn.com/bill WA,0.0,0.0,0.0,[],SR | Standard 50/50 split,standard,True,0.0,0.0,
txn_0268,,2024-07-18,Jordyn,AMAZON MKTPL*RS9DW6DT2 Amzn.com/bill WA,AMAZON MKTPL*RS9DW6DT2 Amzn.com/bill WA,0.0,0.0,0.0,[],SR | Standard 50/50 split,standard,True,0.0,0.0,
txn_0269,,2024-07-19,Ryan,PICAZZOS HEALTHY ITALI TEMPE AZ,PICAZZOS HEALTHY ITALI TEMPE AZ,0.0,0.0,0.0,[],SR | Standard 50/50 split,standard,True,0.0,0.0,
txn_0270,,2024-07-19,Jordyn,PICAZZOS HEALTHY ITALI TEMPE AZ,PICAZZOS HEALTHY ITALI TEMPE AZ,0.0,0.0,0.0,[],SR | Standard 50/50 split,standard,True,0.0,0.0,
txn_0497,,2024-07-20,Ryan,Discover,Discover,0.0,0.0,0.0,[],SR | Standard 50/50 split,standard,True,0.0,0.0,
txn_0498,,2024-07-20,Jordyn,Discover,Discover,0.0,0.0,0.0,[],SR | Standard 50/50 split,standard,True,0.0,0.0,
txn_0271,,2024-07-21,Ryan,MANUEL'S #7 TEMPE AZ,MANUEL'S #7 TEMPE AZ,0.0,0.0,0.0,[],SR | Standard 50/50 split,standard,True,0.0,0.0,
txn_0272,,2024-07-21,Jordyn,MANUEL'S #7 TEMPE AZ,MANUEL'S #7 TEMPE AZ,0.0,0.0,0.0,[],SR | Standard 50/50 split,standard,True,0.0,0.0,
txn_0273,,2024-07-23,Ryan,TARGET 00018382 CHANDLER AZ,TARGET 00018382 CHANDLER AZ,0.0,0.0,0.0,[],SR | Standard 50/50 split,standard,True,0.0,0.0,
txn_0274,,2024-07-23,Jordyn,TARGET 00018382 CHANDLER AZ,TARGET 00018382 CHANDLER AZ,0.0,0.0,0.0,[],SR | Standard 50/50 split,standard,True,0.0,0.0,
txn_0275,,2024-07-23,Ryan,TARGET 00018382 CHANDLER AZ,TARGET 00018382 CHANDLER AZ,0.0,0.0,0.0,[],SR | Standard 50/50 split,standard,True,0.0,0.0,
txn_0276,,2024-07-23,Jordyn,TARGET 00018382 CHANDLER AZ,TARGET 00018382 CHANDLER AZ,0.0,0.0,0.0,[],SR | Standard 50/50 split,standard,True,0.0,0.0,
txn_0277,,2024-07-23,Ryan,AMAZON MKTPL*RJ9FA2KA0 Amzn.com/bill WA,AMAZON MKTPL*RJ9FA2KA0 Amzn.com/bill WA,0.0,0.0,0.0,[],SR | Standard 50/50 split,standard,True,0.0,0.0,
txn_0278,,2024-07-23,Jordyn,AMAZON MKTPL*RJ9FA2KA0 Amzn.com/bill WA,AMAZON MKTPL*RJ9FA2KA0 Amzn.com/bill WA,0.0,0.0,0.0,[],SR | Standard 50/50 split,standard,True,0.0,0.0,
txn_0279,,2024-07-23,Ryan,AMAZON MKTPLACE PMTS Amzn.com/bill WA,AMAZON MKTPLACE PMTS Amzn.com/bill WA,0.0,0.0,0.0,[],SR | Standard 50/50 split,standard,True,0.0,0.0,
txn_0280,,2024-07-23,Jordyn,AMAZON MKTPLACE PMTS Amzn.com/bill WA,AMAZON MKTPLACE PMTS Amzn.com/bill WA,0.0,0.0,0.0,[],SR | Standard 50/50 split,standard,True,0.0,0.0,
txn_0281,,2024-07-25,Ryan,TST* SIP WINE BAR PHOENIX AZ,TST* SIP WINE BAR PHOENIX AZ,0.0,0.0,0.0,[],SR | Standard 50/50 split,standard,True,0.0,0.0,
txn_0282,,2024-07-25,Jordyn,TST* SIP WINE BAR PHOENIX AZ,TST* SIP WINE BAR PHOENIX AZ,0.0,0.0,0.0,[],SR | Standard 50/50 split,standard,True,0.0,0.0,
txn_0283,,2024-07-25,Ryan,SOUTHWESTAIR INFLIGHT DALLAS TX,SOUTHWESTAIR INFLIGHT DALLAS TX,0.0,0.0,0.0,[],SR | Standard 50/50 split,standard,True,0.0,0.0,
txn_0284,,2024-07-25,Jordyn,SOUTHWESTAIR INFLIGHT DALLAS TX,SOUTHWESTAIR INFLIGHT DALLAS TX,0.0,0.0,0.0,[],SR | Standard 50/50 split,standard,True,0.0,0.0,
txn_0285,,2024-07-25,Ryan,PEDAL HAUS BREWERY PHOENIX AZ,PEDAL HAUS BREWERY PHOENIX AZ,0.0,0.0,0.0,[],SR | Standard 50/50 split,standard,True,0.0,0.0,
txn_0286,,2024-07-25,Jordyn,PEDAL HAUS BREWERY PHOENIX AZ,PEDAL HAUS BREWERY PHOENIX AZ,0.0,0.0,0.0,[],SR | Standard 50/50 split,standard,True,0.0,0.0,
txn_0287,,2024-07-26,Ryan,EVOLVE BY HUDSON ST236 DES PLAINES IL,EVOLVE BY HUDSON ST236 DES PLAINES IL,0.0,0.0,0.0,[],SR | Standard 50/50 split,standard,True,0.0,0.0,
txn_0288,,2024-07-26,Jordyn,EVOLVE BY HUDSON ST236 DES PLAINES IL,EVOLVE BY HUDSON ST236 DES PLAINES IL,0.0,0.0,0.0,[],SR | Standard 50/50 split,standard,True,0.0,0.0,
txn_0289,,2024-07-26,Ryan,WALGREENS #12304 CHICAGO IL,WALGREENS #12304 CHICAGO IL,0.0,0.0,0.0,[],SR | Standard 50/50 split,standard,True,0.0,0.0,
txn_0290,,2024-07-26,Jordyn,WALGREENS #12304 CHICAGO IL,WALGREENS #12304 CHICAGO IL,0.0,0.0,0.0,[],SR | Standard 50/50 split,standard,True,0.0,0.0,
txn_0291,,2024-07-26,Ryan,UBER TRIP HELP.UBER.COM CA,UBER TRIP HELP.UBER.COM CA,0.0,0.0,0.0,[],SR | Standard 50/50 split,standard,True,0.0,0.0,
txn_0292,,2024-07-26,Jordyn,UBER TRIP HELP.UBER.COM CA,UBER TRIP HELP.UBER.COM CA,0.0,0.0,0.0,[],SR | Standard 50/50 split,standard,True,0.0,0.0,
txn_0293,,2024-07-26,Ryan,ACCENTS PLUS EVANSTON IL,ACCENTS PLUS EVANSTON IL,0.0,0.0,0.0,[],SR | Standard 50/50 split,standard,True,0.0,0.0,
txn_0294,,2024-07-26,Jordyn,ACCENTS PLUS EVANSTON IL,ACCENTS PLUS EVANSTON IL,0.0,0.0,0.0,[],SR | Standard 50/50 split,standard,True,0.0,0.0,
txn_0295,,2024-07-26,Ryan,TST* ONESTO Milwaukee WI,TST* ONESTO Milwaukee WI,0.0,0.0,0.0,[],SR | Standard 50/50 split,standard,True,0.0,0.0,
txn_0296,,2024-07-26,Jordyn,TST* ONESTO Milwaukee WI,TST* ONESTO Milwaukee WI,0.0,0.0,0.0,[],SR | Standard 50/50 split,standard,True,0.0,0.0,
txn_0297,,2024-07-26,Ryan,HILTON HOTELS RESTAURANT MILWAUKEE WI,HILTON HOTELS RESTAURANT MILWAUKEE WI,0.0,0.0,0.0,[],SR | Standard 50/50 split,standard,True,0.0,0.0,
txn_0298,,2024-07-26,Jordyn,HILTON HOTELS RESTAURANT MILWAUKEE WI,HILTON HOTELS RESTAURANT MILWAUKEE WI,0.0,0.0,0.0,[],SR | Standard 50/50 split,standard,True,0.0,0.0,
txn_0511,,2024-07-26,Ryan,Chase Zelle,Chase Zelle,0.0,0.0,0.0,[],SR | Standard 50/50 split,standard,True,0.0,0.0,
txn_0512,,2024-07-26,Jordyn,Chase Zelle,Chase Zelle,0.0,0.0,0.0,[],SR | Standard 50/50 split,standard,True,0.0,0.0,
txn_0299,,2024-07-27,Ryan,SWEET DREAMS HARTLAND WI,SWEET DREAMS HARTLAND WI,0.0,0.0,0.0,[],SR | Standard 50/50 split,standard,True,0.0,0.0,
txn_0300,,2024-07-27,Jordyn,SWEET DREAMS HARTLAND WI,SWEET DREAMS HARTLAND WI,0.0,0.0,0.0,[],SR | Standard 50/50 split,standard,True,0.0,0.0,
txn_0301,,2024-07-27,Ryan,WALGREENS #9365 HARTLAND WI,WALGREENS #9365 HARTLAND WI,0.0,0.0,0.0,[],SR | Standard 50/50 split,standard,True,0.0,0.0,
txn_0302,,2024-07-27,Jordyn,WALGREENS #9365 HARTLAND WI,WALGREENS #9365 HARTLAND WI,0.0,0.0,0.0,[],SR | Standard 50/50 split,standard,True,0.0,0.0,
txn_0303,,2024-07-27,Ryan,TST* ANYTIME AREPA - 140 Milwaukee WI,TST* ANYTIME AREPA - 140 Milwaukee WI,0.0,0.0,0.0,[],SR | Standard 50/50 split,standard,True,0.0,0.0,
txn_0304,,2024-07-27,Jordyn,TST* ANYTIME AREPA - 140 Milwaukee WI,TST* ANYTIME AREPA - 140 Milwaukee WI,0.0,0.0,0.0,[],SR | Standard 50/50 split,standard,True,0.0,0.0,
txn_0305,,2024-07-27,Ryan,TST* 3RD STREET MARKET HA Milwaukee WI,TST* 3RD STREET MARKET HA Milwaukee WI,0.0,0.0,0.0,[],SR | Standard 50/50 split,standard,True,0.0,0.0,
txn_0306,,2024-07-27,Jordyn,TST* 3RD STREET MARKET HA Milwaukee WI,TST* 3RD STREET MARKET HA Milwaukee WI,0.0,0.0,0.0,[],SR | Standard 50/50 split,standard,True,0.0,0.0,
txn_0307,,2024-07-28,Ryan,EXXON W-P-P MOBIL MILWAUKEE WI,EXXON W-P-P MOBIL MILWAUKEE WI,0.0,0.0,0.0,[],SR | Standard 50/50 split,standard,True,0.0,0.0,
txn_0308,,2024-07-28,Jordyn,EXXON W-P-P MOBIL MILWAUKEE WI,EXXON W-P-P MOBIL MILWAUKEE WI,0.0,0.0,0.0,[],SR | Standard 50/50 split,standard,True,0.0,0.0,
txn_0309,,2024-07-28,Ryan,PICK N SAVE #882 MILWAUKEE WI,PICK N SAVE #882 MILWAUKEE WI,0.0,0.0,0.0,[],SR | Standard 50/50 split,standard,True,0.0,0.0,
txn_0310,,2024-07-28,Jordyn,PICK N SAVE #882 MILWAUKEE WI,PICK N SAVE #882 MILWAUKEE WI,0.0,0.0,0.0,[],SR | Standard 50/50 split,standard,True,0.0,0.0,
txn_0311,,2024-07-28,Ryan,UBER TRIP HELP.UBER.COM CA,UBER TRIP HELP.UBER.COM CA,0.0,0.0,0.0,[],SR | Standard 50/50 split,standard,True,0.0,0.0,
txn_0312,,2024-07-28,Jordyn,UBER TRIP HELP.UBER.COM CA,UBER TRIP HELP.UBER.COM CA,0.0,0.0,0.0,[],SR | Standard 50/50 split,standard,True,0.0,0.0,
txn_0313,,2024-07-28,Ryan,UBER TRIP HELP.UBER.COM CA,UBER TRIP HELP.UBER.COM CA,0.0,0.0,0.0,[],SR | Standard 50/50 split,standard,True,0.0,0.0,
txn_0314,,2024-07-28,Jordyn,UBER TRIP HELP.UBER.COM CA,UBER TRIP HELP.UBER.COM CA,0.0,0.0,0.0,[],SR | Standard 50/50 split,standard,True,0.0,0.0,
txn_0315,,2024-07-28,Ryan,SWA*UPGBOARD5264249060334800-435-9792 TX,SWA*UPGBOARD5264249060334800-435-9792 TX,0.0,0.0,0.0,[],SR | Standard 50/50 split,standard,True,0.0,0.0,
txn_0316,,2024-07-28,Jordyn,SWA*UPGBOARD5264249060334800-435-9792 TX,SWA*UPGBOARD5264249060334800-435-9792 TX,0.0,0.0,0.0,[],SR | Standard 50/50 split,standard,True,0.0,0.0,
txn_0317,,2024-07-28,Ryan,SOUTHWESTAIR INFLIGHT DALLAS TX,SOUTHWESTAIR INFLIGHT DALLAS TX,0.0,0.0,0.0,[],SR | Standard 50/50 split,standard,True,0.0,0.0,
txn_0318,,2024-07-28,Jordyn,SOUTHWESTAIR INFLIGHT DALLAS TX,SOUTHWESTAIR INFLIGHT DALLAS TX,0.0,0.0,0.0,[],SR | Standard 50/50 split,standard,True,0.0,0.0,
txn_0319,,2024-07-28,Ryan,CULVERS OF CHANDLER CHANDLER AZ,CULVERS OF CHANDLER CHANDLER AZ,0.0,0.0,0.0,[],SR | Standard 50/50 split,standard,True,0.0,0.0,
txn_0320,,2024-07-28,Jordyn,CULVERS OF CHANDLER CHANDLER AZ,CULVERS OF CHANDLER CHANDLER AZ,0.0,0.0,0.0,[],SR | Standard 50/50 split,standard,True,0.0,0.0,
txn_0321,,2024-07-28,Ryan,HILTON HOTELS MILWAUKEE WI,HILTON HOTELS MILWAUKEE WI,0.0,0.0,0.0,[],SR | Standard 50/50 split,standard,True,0.0,0.0,
txn_0322,,2024-07-28,Jordyn,HILTON HOTELS MILWAUKEE WI,HILTON HOTELS MILWAUKEE WI,0.0,0.0,0.0,[],SR | Standard 50/50 split,standard,True,0.0,0.0,
txn_0323,,2024-07-29,Ryan,FRONTLINE FOOD SERVIC PHOENIX AZ,FRONTLINE FOOD SERVIC PHOENIX AZ,0.0,0.0,0.0,[],SR | Standard 50/50 split,standard,True,0.0,0.0,
txn_0324,,2024-07-29,Jordyn,FRONTLINE FOOD SERVIC PHOENIX AZ,FRONTLINE FOOD SERVIC PHOENIX AZ,0.0,0.0,0.0,[],SR | Standard 50/50 split,standard,True,0.0,0.0,
txn_0325,,2024-07-29,Ryan,FRONTLINE FOOD SERVIC PHOENIX AZ,FRONTLINE FOOD SERVIC PHOENIX AZ,0.0,0.0,0.0,[],SR | Standard 50/50 split,standard,True,0.0,0.0,
txn_0326,,2024-07-29,Jordyn,FRONTLINE FOOD SERVIC PHOENIX AZ,FRONTLINE FOOD SERVIC PHOENIX AZ,0.0,0.0,0.0,[],SR | Standard 50/50 split,standard,True,0.0,0.0,
txn_0327,,2024-07-29,Ryan,FRONTLINE FOOD SERVIC,FRONTLINE FOOD SERVIC,0.0,0.0,0.0,[],SR | Standard 50/50 split,standard,True,0.0,0.0,
txn_0328,,2024-07-29,Jordyn,FRONTLINE FOOD SERVIC,FRONTLINE FOOD SERVIC,0.0,0.0,0.0,[],SR | Standard 50/50 split,standard,True,0.0,0.0,
txn_0329,,2024-07-30,Ryan,AMAZON RETA* RV99E2V01 WWW.AMAZON.CO WA,AMAZON RETA* RV99E2V01 WWW.AMAZON.CO WA,0.0,0.0,0.0,[],SR | Standard 50/50 split,standard,True,0.0,0.0,
txn_0330,,2024-07-30,Jordyn,AMAZON RETA* RV99E2V01 WWW.AMAZON.CO WA,AMAZON RETA* RV99E2V01 WWW.AMAZON.CO WA,0.0,0.0,0.0,[],SR | Standard 50/50 split,standard,True,0.0,0.0,
txn_0331,,2024-07-30,Ryan,AMAZON,AMAZON,0.0,0.0,0.0,[],SR | Standard 50/50 split,standard,True,0.0,0.0,
txn_0332,,2024-07-30,Jordyn,AMAZON,AMAZON,0.0,0.0,0.0,[],SR | Standard 50/50 split,standard,True,0.0,0.0,
txn_0333,,2024-07-31,Ryan,SPROUTS FARMERS MAR CHANDLER AZ,SPROUTS FARMERS MAR CHANDLER AZ,0.0,0.0,0.0,[],SR | Standard 50/50 split,standard,True,0.0,0.0,
txn_0334,,2024-07-31,Jordyn,SPROUTS FARMERS MAR CHANDLER AZ,SPROUTS FARMERS MAR CHANDLER AZ,0.0,0.0,0.0,[],SR | Standard 50/50 split,standard,True,0.0,0.0,
txn_0335,,2024-07-31,Ryan,SPROUTS FARMERS MAR,SPROUTS FARMERS MAR,0.0,0.0,0.0,[],SR | Standard 50/50 split,standard,True,0.0,0.0,
txn_0336,,2024-07-31,Jordyn,SPROUTS FARMERS MAR,SPROUTS FARMERS MAR,0.0,0.0,0.0,[],SR | Standard 50/50 split,standard,True,0.0,0.0,
txn_0337,,2024-08-01,Ryan,AMAZON RETA* RV7ZW3YQ0 WWW.AMAZON.CO WA,AMAZON RETA* RV7ZW3YQ0 WWW.AMAZON.CO WA,0.0,0.0,0.0,[],SR | Standard 50/50 split,standard,True,0.0,0.0,
txn_0338,,2024-08-01,Jordyn,AMAZON RETA* RV7ZW3YQ0 WWW.AMAZON.CO WA,AMAZON RETA* RV7ZW3YQ0 WWW.AMAZON.CO WA,0.0,0.0,0.0,[],SR | Standard 50/50 split,standard,True,0.0,0.0,
txn_0339,,2024-08-01,Ryan,AMAZON,AMAZON,0.0,0.0,0.0,[],SR | Standard 50/50 split,standard,True,0.0,0.0,
txn_0340,,2024-08-01,Jordyn,AMAZON,AMAZON,0.0,0.0,0.0,[],SR | Standard 50/50 split,standard,True,0.0,0.0,
txn_0341,,2024-08-02,Ryan,Amazon.com*RV8N53YJ1 Amzn.com/bill WA,Amazon.com*RV8N53YJ1 Amzn.com/bill WA,0.0,0.0,0.0,[],SR | Standard 50/50 split,standard,True,0.0,0.0,
txn_0342,,2024-08-02,Jordyn,Amazon.com*RV8N53YJ1 Amzn.com/bill WA,Amazon.com*RV8N53YJ1 Amzn.com/bill WA,0.0,0.0,0.0,[],SR | Standard 50/50 split,standard,True,0.0,0.0,
txn_0343,,2024-08-02,Ryan,AMAZON MKTPL*RF3027Z70 Amzn.com/bill WA,AMAZON MKTPL*RF3027Z70 Amzn.com/bill WA,0.0,0.0,0.0,[],SR | Standard 50/50 split,standard,True,0.0,0.0,
txn_0344,,2024-08-02,Jordyn,AMAZON MKTPL*RF3027Z70 Amzn.com/bill WA,AMAZON MKTPL*RF3027Z70 Amzn.com/bill WA,0.0,0.0,0.0,[],SR | Standard 50/50 split,standard,True,0.0,0.0,
txn_0345,,2024-08-02,Ryan,SQ *SPOOKY'S SWIRLS CHANDLER AZ,SQ *SPOOKY'S SWIRLS CHANDLER AZ,0.0,0.0,0.0,[],SR | Standard 50/50 split,standard,True,0.0,0.0,
txn_0346,,2024-08-02,Jordyn,SQ *SPOOKY'S SWIRLS CHANDLER AZ,SQ *SPOOKY'S SWIRLS CHANDLER AZ,0.0,0.0,0.0,[],SR | Standard 50/50 split,standard,True,0.0,0.0,
txn_0347,,2024-08-02,Ryan,AMAZON,AMAZON,0.0,0.0,0.0,[],SR | Standard 50/50 split,standard,True,0.0,0.0,
txn_0348,,2024-08-02,Jordyn,AMAZON,AMAZON,0.0,0.0,0.0,[],SR | Standard 50/50 split,standard,True,0.0,0.0,
txn_0349,,2024-08-02,Ryan,AMAZON MARKETPLACE,AMAZON MARKETPLACE,0.0,0.0,0.0,[],SR | Standard 50/50 split,standard,True,0.0,0.0,
txn_0350,,2024-08-02,Jordyn,AMAZON MARKETPLACE,AMAZON MARKETPLACE,0.0,0.0,0.0,[],SR | Standard 50/50 split,standard,True,0.0,0.0,
txn_0351,,2024-08-02,Ryan,SPOOKY'S SWIRLS,SPOOKY'S SWIRLS,0.0,0.0,0.0,[],SR | Standard 50/50 split,standard,True,0.0,0.0,
txn_0352,,2024-08-02,Jordyn,SPOOKY'S SWIRLS,SPOOKY'S SWIRLS,0.0,0.0,0.0,[],SR | Standard 50/50 split,standard,True,0.0,0.0,
txn_0509,,2024-08-02,Ryan,Chase Zelle,Chase Zelle,0.0,0.0,0.0,[],SR | Standard 50/50 split,standard,True,0.0,0.0,
txn_0510,,2024-08-02,Jordyn,Chase Zelle,Chase Zelle,0.0,0.0,0.0,[],SR | Standard 50/50 split,standard,True,0.0,0.0,
txn_0353,,2024-08-03,Ryan,WALGREENS #3727 CHANDLER AZ,WALGREENS #3727 CHANDLER AZ,0.0,0.0,0.0,[],SR | Standard 50/50 split,standard,True,0.0,0.0,
txn_0354,,2024-08-03,Jordyn,WALGREENS #3727 CHANDLER AZ,WALGREENS #3727 CHANDLER AZ,0.0,0.0,0.0,[],SR | Standard 50/50 split,standard,True,0.0,0.0,
txn_0355,,2024-08-03,Ryan,WALGREENS,WALGREENS,0.0,0.0,0.0,[],SR | Standard 50/50 split,standard,True,0.0,0.0,
txn_0356,,2024-08-03,Jordyn,WALGREENS,WALGREENS,0.0,0.0,0.0,[],SR | Standard 50/50 split,standard,True,0.0,0.0,
txn_0357,,2024-08-05,Ryan,FRYS-FOOD-DRG #051 CHANDLER AZ,FRYS-FOOD-DRG #051 CHANDLER AZ,0.0,0.0,0.0,[],SR | Standard 50/50 split,standard,True,0.0,0.0,
txn_0358,,2024-08-05,Jordyn,FRYS-FOOD-DRG #051 CHANDLER AZ,FRYS-FOOD-DRG #051 CHANDLER AZ,0.0,0.0,0.0,[],SR | Standard 50/50 split,standard,True,0.0,0.0,
txn_0359,,2024-08-06,Ryan,FRYS-FOOD-DRG #051 CHANDLER AZ,FRYS-FOOD-DRG #051 CHANDLER AZ,0.0,0.0,0.0,[],SR | Standard 50/50 split,standard,True,0.0,0.0,
txn_0360,,2024-08-06,Jordyn,FRYS-FOOD-DRG #051 CHANDLER AZ,FRYS-FOOD-DRG #051 CHANDLER AZ,0.0,0.0,0.0,[],SR | Standard 50/50 split,standard,True,0.0,0.0,
txn_0361,,2024-08-08,Ryan,CASH BACK REDEMPTION REF 154113882,CASH BACK REDEMPTION REF 154113882,0.0,0.0,0.0,['cashback'],CB | Cash-back,standard,True,0.0,0.0,
txn_0362,,2024-08-08,Jordyn,CASH BACK REDEMPTION REF 154113882,CASH BACK REDEMPTION REF 154113882,0.0,0.0,0.0,['cashback'],CB | Cash-back,standard,True,0.0,0.0,
txn_0363,,2024-08-11,Ryan,FRYS 5051 866-576-4377 AZ,FRYS 5051 866-576-4377 AZ,0.0,0.0,0.0,[],SR | Standard 50/50 split,standard,True,0.0,0.0,
txn_0364,,2024-08-11,Jordyn,FRYS 5051 866-576-4377 AZ,FRYS 5051 866-576-4377 AZ,0.0,0.0,0.0,[],SR | Standard 50/50 split,standard,True,0.0,0.0,
txn_0365,,2024-08-12,Ryan,AUTOMATIC PAYMENT - THANK YOU,AUTOMATIC PAYMENT - THANK YOU,0.0,0.0,0.0,[],SR | Standard 50/50 split,standard,True,0.0,0.0,
txn_0366,,2024-08-12,Jordyn,AUTOMATIC PAYMENT - THANK YOU,AUTOMATIC PAYMENT - THANK YOU,0.0,0.0,0.0,[],SR | Standard 50/50 split,standard,True,0.0,0.0,
txn_0367,,2024-08-13,Ryan,SPROUTS FARMERS MAR CHANDLER AZ,SPROUTS FARMERS MAR CHANDLER AZ,0.0,0.0,0.0,[],SR | Standard 50/50 split,standard,True,0.0,0.0,
txn_0368,,2024-08-13,Jordyn,SPROUTS FARMERS MAR CHANDLER AZ,SPROUTS FARMERS MAR CHANDLER AZ,0.0,0.0,0.0,[],SR | Standard 50/50 split,standard,True,0.0,0.0,
txn_0369,,2024-08-13,Ryan,WALGREENS #2056 CHANDLER AZ,WALGREENS #2056 CHANDLER AZ,0.0,0.0,0.0,[],SR | Standard 50/50 split,standard,True,0.0,0.0,
txn_0370,,2024-08-13,Jordyn,WALGREENS #2056 CHANDLER AZ,WALGREENS #2056 CHANDLER AZ,0.0,0.0,0.0,[],SR | Standard 50/50 split,standard,True,0.0,0.0,
txn_0371,,2024-08-14,Ryan,FRYS FUEL #7658 GILBERT AZ,FRYS FUEL #7658 GILBERT AZ,0.0,0.0,0.0,[],SR | Standard 50/50 split,standard,True,0.0,0.0,
txn_0372,,2024-08-14,Jordyn,FRYS FUEL #7658 GILBERT AZ,FRYS FUEL #7658 GILBERT AZ,0.0,0.0,0.0,[],SR | Standard 50/50 split,standard,True,0.0,0.0,
txn_0373,,2024-08-18,Ryan,TST* O.H.S.O. - GILBERT GILBERT AZ,TST* O.H.S.O. - GILBERT GILBERT AZ,0.0,0.0,0.0,[],SR | Standard 50/50 split,standard,True,0.0,0.0,
txn_0374,,2024-08-18,Jordyn,TST* O.H.S.O. - GILBERT GILBERT AZ,TST* O.H.S.O. - GILBERT GILBERT AZ,0.0,0.0,0.0,[],SR | Standard 50/50 split,standard,True,0.0,0.0,
txn_0375,,2024-08-18,Ryan,Amazon.com*RU22U1VB0 Amzn.com/bill WA,Amazon.com*RU22U1VB0 Amzn.com/bill WA,0.0,0.0,0.0,[],SR | Standard 50/50 split,standard,True,0.0,0.0,
txn_0376,,2024-08-18,Jordyn,Amazon.com*RU22U1VB0 Amzn.com/bill WA,Amazon.com*RU22U1VB0 Amzn.com/bill WA,0.0,0.0,0.0,[],SR | Standard 50/50 split,standard,True,0.0,0.0,
txn_0377,,2024-08-19,Ryan,SPROUTS FARMERS MAR CHANDLER AZ,SPROUTS FARMERS MAR CHANDLER AZ,0.0,0.0,0.0,[],SR | Standard 50/50 split,standard,True,0.0,0.0,
txn_0378,,2024-08-19,Jordyn,SPROUTS FARMERS MAR CHANDLER AZ,SPROUTS FARMERS MAR CHANDLER AZ,0.0,0.0,0.0,[],SR | Standard 50/50 split,standard,True,0.0,0.0,
txn_0379,,2024-08-19,Ryan,AMAZON MKTPL*RU4YW4QX1 Amzn.com/bill WA,AMAZON MKTPL*RU4YW4QX1 Amzn.com/bill WA,0.0,0.0,0.0,[],SR | Standard 50/50 split,standard,True,0.0,0.0,
txn_0380,,2024-08-19,Jordyn,AMAZON MKTPL*RU4YW4QX1 Amzn.com/bill WA,AMAZON MKTPL*RU4YW4QX1 Amzn.com/bill WA,0.0,0.0,0.0,[],SR | Standard 50/50 split,standard,True,0.0,0.0,
txn_0381,,2024-08-19,Ryan,AMAZON MKTPL*R44BU0ZG2 Amzn.com/bill WA,AMAZON MKTPL*R44BU0ZG2 Amzn.com/bill WA,0.0,0.0,0.0,[],SR | Standard 50/50 split,standard,True,0.0,0.0,
txn_0382,,2024-08-19,Jordyn,AMAZON MKTPL*R44BU0ZG2 Amzn.com/bill WA,AMAZON MKTPL*R44BU0ZG2 Amzn.com/bill WA,0.0,0.0,0.0,[],SR | Standard 50/50 split,standard,True,0.0,0.0,
txn_0499,,2024-08-20,Ryan,Discover,Discover,0.0,0.0,0.0,[],SR | Standard 50/50 split,standard,True,0.0,0.0,
txn_0500,,2024-08-20,Jordyn,Discover,Discover,0.0,0.0,0.0,[],SR | Standard 50/50 split,standard,True,0.0,0.0,
txn_0383,,2024-08-22,Ryan,SAFEWAY #1535 TEMPE AZ,SAFEWAY #1535 TEMPE AZ,0.0,0.0,0.0,[],SR | Standard 50/50 split,standard,True,0.0,0.0,
txn_0384,,2024-08-22,Jordyn,SAFEWAY #1535 TEMPE AZ,SAFEWAY #1535 TEMPE AZ,0.0,0.0,0.0,[],SR | Standard 50/50 split,standard,True,0.0,0.0,
txn_0385,,2024-08-22,Ryan,FRYS 5627 866-576-4377 AZ,FRYS 5627 866-576-4377 AZ,0.0,0.0,0.0,[],SR | Standard 50/50 split,standard,True,0.0,0.0,
txn_0386,,2024-08-22,Jordyn,FRYS 5627 866-576-4377 AZ,FRYS 5627 866-576-4377 AZ,0.0,0.0,0.0,[],SR | Standard 50/50 split,standard,True,0.0,0.0,
txn_0387,,2024-08-22,Ryan,AMAZON MKTPL*R49DK8F80 Amzn.com/bill WA,AMAZON MKTPL*R49DK8F80 Amzn.com/bill WA,0.0,0.0,0.0,[],SR | Standard 50/50 split,standard,True,0.0,0.0,
txn_0388,,2024-08-22,Jordyn,AMAZON MKTPL*R49DK8F80 Amzn.com/bill WA,AMAZON MKTPL*R49DK8F80 Amzn.com/bill WA,0.0,0.0,0.0,[],SR | Standard 50/50 split,standard,True,0.0,0.0,
txn_0389,,2024-08-23,Ryan,FRYS-FOOD-DRG #051 CHANDLER AZ,FRYS-FOOD-DRG #051 CHANDLER AZ,0.0,0.0,0.0,[],SR | Standard 50/50 split,standard,True,0.0,0.0,
txn_0390,,2024-08-23,Jordyn,FRYS-FOOD-DRG #051 CHANDLER AZ,FRYS-FOOD-DRG #051 CHANDLER AZ,0.0,0.0,0.0,[],SR | Standard 50/50 split,standard,True,0.0,0.0,
txn_0391,,2024-08-26,Ryan,FRYS 5051 866-576-4377 AZ,FRYS 5051 866-576-4377 AZ,0.0,0.0,0.0,[],SR | Standard 50/50 split,standard,True,0.0,0.0,
txn_0392,,2024-08-26,Jordyn,FRYS 5051 866-576-4377 AZ,FRYS 5051 866-576-4377 AZ,0.0,0.0,0.0,[],SR | Standard 50/50 split,standard,True,0.0,0.0,
txn_0393,,2024-08-26,Ryan,AMAZON MKTPL*R42S59DR1 Amzn.com/bill WA,AMAZON MKTPL*R42S59DR1 Amzn.com/bill WA,0.0,0.0,0.0,[],SR | Standard 50/50 split,standard,True,0.0,0.0,
txn_0394,,2024-08-26,Jordyn,AMAZON MKTPL*R42S59DR1 Amzn.com/bill WA,AMAZON MKTPL*R42S59DR1 Amzn.com/bill WA,0.0,0.0,0.0,[],SR | Standard 50/50 split,standard,True,0.0,0.0,
txn_0395,,2024-08-27,Ryan,AMAZON RETA* RK2N871X2 WWW.AMAZON.CO WA,AMAZON RETA* RK2N871X2 WWW.AMAZON.CO WA,0.0,0.0,0.0,[],SR | Standard 50/50 split,standard,True,0.0,0.0,
txn_0396,,2024-08-27,Jordyn,AMAZON RETA* RK2N871X2 WWW.AMAZON.CO WA,AMAZON RETA* RK2N871X2 WWW.AMAZON.CO WA,0.0,0.0,0.0,[],SR | Standard 50/50 split,standard,True,0.0,0.0,
txn_0397,,2024-08-27,Ryan,FRYS #658 GILBERT AZ,FRYS #658 GILBERT AZ,0.0,0.0,0.0,[],SR | Standard 50/50 split,standard,True,0.0,0.0,
txn_0398,,2024-08-27,Jordyn,FRYS #658 GILBERT AZ,FRYS #658 GILBERT AZ,0.0,0.0,0.0,[],SR | Standard 50/50 split,standard,True,0.0,0.0,
txn_0399,,2024-08-28,Ryan,AMAZON RETA* RK8XL5512 WWW.AMAZON.CO WA,AMAZON RETA* RK8XL5512 WWW.AMAZON.CO WA,0.0,0.0,0.0,[],SR | Standard 50/50 split,standard,True,0.0,0.0,
txn_0400,,2024-08-28,Jordyn,AMAZON RETA* RK8XL5512 WWW.AMAZON.CO WA,AMAZON RETA* RK8XL5512 WWW.AMAZON.CO WA,0.0,0.0,0.0,[],SR | Standard 50/50 split,standard,True,0.0,0.0,
txn_0401,,2024-08-30,Ryan,WELLGROOMEDPETS.COM 148-08082002 AZ,WELLGROOMEDPETS.COM 148-08082002 AZ,0.0,0.0,0.0,[],SR | Standard 50/50 split,standard,True,0.0,0.0,
txn_0402,,2024-08-30,Jordyn,WELLGROOMEDPETS.COM 148-08082002 AZ,WELLGROOMEDPETS.COM 148-08082002 AZ,0.0,0.0,0.0,[],SR | Standard 50/50 split,standard,True,0.0,0.0,
txn_0403,,2024-08-30,Ryan,PETS BEST INSURANCE SERV 877-738-7237 NC,PETS BEST INSURANCE SERV 877-738-7237 NC,0.0,0.0,0.0,[],SR | Standard 50/50 split,standard,True,0.0,0.0,
txn_0404,,2024-08-30,Jordyn,PETS BEST INSURANCE SERV 877-738-7237 NC,PETS BEST INSURANCE SERV 877-738-7237 NC,0.0,0.0,0.0,[],SR | Standard 50/50 split,standard,True,0.0,0.0,
txn_0405,,2024-08-30,Ryan,TM *DILLON FRANCIS 800-653-8000 CA,TM *DILLON FRANCIS 800-653-8000 CA,0.0,0.0,0.0,[],SR | Standard 50/50 split,standard,True,0.0,0.0,
txn_0406,,2024-08-30,Jordyn,TM *DILLON FRANCIS 800-653-8000 CA,TM *DILLON FRANCIS 800-653-8000 CA,0.0,0.0,0.0,[],SR | Standard 50/50 split,standard,True,0.0,0.0,
txn_0407,,2024-08-31,Ryan,EXXON LAKE JENNINGS GAS EL CAJON CA,EXXON LAKE JENNINGS GAS EL CAJON CA,0.0,0.0,0.0,[],SR | Standard 50/50 split,standard,True,0.0,0.0,
txn_0408,,2024-08-31,Jordyn,EXXON LAKE JENNINGS GAS EL CAJON CA,EXXON LAKE JENNINGS GAS EL CAJON CA,0.0,0.0,0.0,[],SR | Standard 50/50 split,standard,True,0.0,0.0,
txn_0409,,2024-08-31,Ryan,SHELL OIL 57442518304 GILA BEND AZ,SHELL OIL 57442518304 GILA BEND AZ,0.0,0.0,0.0,[],SR | Standard 50/50 split,standard,True,0.0,0.0,
txn_0410,,2024-08-31,Jordyn,SHELL OIL 57442518304 GILA BEND AZ,SHELL OIL 57442518304 GILA BEND AZ,0.0,0.0,0.0,[],SR | Standard 50/50 split,standard,True,0.0,0.0,
txn_0411,,2024-08-31,Ryan,CIRCLE K 09183 CHANDLER AZ,CIRCLE K 09183 CHANDLER AZ,0.0,0.0,0.0,[],SR | Standard 50/50 split,standard,True,0.0,0.0,
txn_0412,,2024-08-31,Jordyn,CIRCLE K 09183 CHANDLER AZ,CIRCLE K 09183 CHANDLER AZ,0.0,0.0,0.0,[],SR | Standard 50/50 split,standard,True,0.0,0.0,
txn_0413,,2024-09-01,Ryan,OB QUICK STOP SAN DIEGO CA,OB QUICK STOP SAN DIEGO CA,0.0,0.0,0.0,[],SR | Standard 50/50 split,standard,True,0.0,0.0,
txn_0414,,2024-09-01,Jordyn,OB QUICK STOP SAN DIEGO CA,OB QUICK STOP SAN DIEGO CA,0.0,0.0,0.0,[],SR | Standard 50/50 split,standard,True,0.0,0.0,
txn_0415,,2024-09-01,Ryan,CHEVRON 0352705 DATELAND AZ,CHEVRON 0352705 DATELAND AZ,0.0,0.0,0.0,[],SR | Standard 50/50 split,standard,True,0.0,0.0,
txn_0416,,2024-09-01,Jordyn,CHEVRON 0352705 DATELAND AZ,CHEVRON 0352705 DATELAND AZ,0.0,0.0,0.0,[],SR | Standard 50/50 split,standard,True,0.0,0.0,
txn_0417,,2024-09-01,Ryan,TST*LUCYS TAVERN San Diego CA,TST*LUCYS TAVERN San Diego CA,0.0,0.0,0.0,[],SR | Standard 50/50 split,standard,True,0.0,0.0,
txn_0418,,2024-09-01,Jordyn,TST*LUCYS TAVERN San Diego CA,TST*LUCYS TAVERN San Diego CA,0.0,0.0,0.0,[],SR | Standard 50/50 split,standard,True,0.0,0.0,
txn_0419,,2024-09-01,Ryan,CSD 6TH & K PARK 39888 SAN DIEGO CA,CSD 6TH & K PARK 39888 SAN DIEGO CA,0.0,0.0,0.0,[],SR | Standard 50/50 split,standard,True,0.0,0.0,
txn_0420,,2024-09-01,Jordyn,CSD 6TH & K PARK 39888 SAN DIEGO CA,CSD 6TH & K PARK 39888 SAN DIEGO CA,0.0,0.0,0.0,[],SR | Standard 50/50 split,standard,True,0.0,0.0,
txn_0421,,2024-09-02,Ryan,SHELL OIL 10006123003 SAN DIEGO CA,SHELL OIL 10006123003 SAN DIEGO CA,0.0,0.0,0.0,[],SR | Standard 50/50 split,standard,True,0.0,0.0,
txn_0422,,2024-09-02,Jordyn,SHELL OIL 10006123003 SAN DIEGO CA,SHELL OIL 10006123003 SAN DIEGO CA,0.0,0.0,0.0,[],SR | Standard 50/50 split,standard,True,0.0,0.0,
txn_0423,,2024-09-02,Ryan,UBER *TRIP HELP.UBER.COM CA,UBER *TRIP HELP.UBER.COM CA,0.0,0.0,0.0,[],SR | Standard 50/50 split,standard,True,0.0,0.0,
txn_0424,,2024-09-02,Jordyn,UBER *TRIP HELP.UBER.COM CA,UBER *TRIP HELP.UBER.COM CA,0.0,0.0,0.0,[],SR | Standard 50/50 split,standard,True,0.0,0.0,
txn_0425,,2024-09-02,Ryan,UBER *TRIP HELP.UBER.COM CA,UBER *TRIP HELP.UBER.COM CA,0.0,0.0,0.0,[],SR | Standard 50/50 split,standard,True,0.0,0.0,
txn_0426,,2024-09-02,Jordyn,UBER *TRIP HELP.UBER.COM CA,UBER *TRIP HELP.UBER.COM CA,0.0,0.0,0.0,[],SR | Standard 50/50 split,standard,True,0.0,0.0,
txn_0427,,2024-09-02,Ryan,GRAND HYATT SAN DIEGO FB SAN DIEGO CA,GRAND HYATT SAN DIEGO FB SAN DIEGO CA,0.0,0.0,0.0,[],SR | Standard 50/50 split,standard,True,0.0,0.0,
txn_0428,,2024-09-02,Jordyn,GRAND HYATT SAN DIEGO FB SAN DIEGO CA,GRAND HYATT SAN DIEGO FB SAN DIEGO CA,0.0,0.0,0.0,[],SR | Standard 50/50 split,standard,True,0.0,0.0,
txn_0429,,2024-09-04,Ryan,AKCHIN PAVILION AMPHI PHOENIX AZ,AKCHIN PAVILION AMPHI PHOENIX AZ,0.0,0.0,0.0,[],SR | Standard 50/50 split,standard,True,0.0,0.0,
txn_0430,,2024-09-04,Jordyn,AKCHIN PAVILION AMPHI PHOENIX AZ,AKCHIN PAVILION AMPHI PHOENIX AZ,0.0,0.0,0.0,[],SR | Standard 50/50 split,standard,True,0.0,0.0,
txn_0431,,2024-09-05,Ryan,TARGET 00018382 CHANDLER AZ,TARGET 00018382 CHANDLER AZ,0.0,0.0,0.0,[],SR | Standard 50/50 split,standard,True,0.0,0.0,
txn_0432,,2024-09-05,Jordyn,TARGET 00018382 CHANDLER AZ,TARGET 00018382 CHANDLER AZ,0.0,0.0,0.0,[],SR | Standard 50/50 split,standard,True,0.0,0.0,
txn_0433,,2024-09-05,Ryan,UBER *TRIP HELP.UBER.COM CA,UBER *TRIP HELP.UBER.COM CA,0.0,0.0,0.0,[],SR | Standard 50/50 split,standard,True,0.0,0.0,
txn_0434,,2024-09-05,Jordyn,UBER *TRIP HELP.UBER.COM CA,UBER *TRIP HELP.UBER.COM CA,0.0,0.0,0.0,[],SR | Standard 50/50 split,standard,True,0.0,0.0,
txn_0435,,2024-09-06,Ryan,QT 478 MESA AZ,QT 478 MESA AZ,0.0,0.0,0.0,[],SR | Standard 50/50 split,standard,True,0.0,0.0,
txn_0436,,2024-09-06,Jordyn,QT 478 MESA AZ,QT 478 MESA AZ,0.0,0.0,0.0,[],SR | Standard 50/50 split,standard,True,0.0,0.0,
txn_0437,,2024-09-07,Ryan,SCOTTSDALE ARTS 480-9942787 AZ,SCOTTSDALE ARTS 480-9942787 AZ,0.0,0.0,0.0,[],SR | Standard 50/50 split,standard,True,0.0,0.0,
txn_0438,,2024-09-07,Jordyn,SCOTTSDALE ARTS 480-9942787 AZ,SCOTTSDALE ARTS 480-9942787 AZ,0.0,0.0,0.0,[],SR | Standard 50/50 split,standard,True,0.0,0.0,
txn_0439,,2024-09-08,Ryan,FRYS 5051 866-576-4377 AZ,FRYS 5051 866-576-4377 AZ,0.0,0.0,0.0,[],SR | Standard 50/50 split,standard,True,0.0,0.0,
txn_0440,,2024-09-08,Jordyn,FRYS 5051 866-576-4377 AZ,FRYS 5051 866-576-4377 AZ,0.0,0.0,0.0,[],SR | Standard 50/50 split,standard,True,0.0,0.0,
txn_0441,,2024-09-08,Ryan,AMAZON MKTPL*ZT8AP12A1 Amzn.com/bill WA,AMAZON MKTPL*ZT8AP12A1 Amzn.com/bill WA,0.0,0.0,0.0,[],SR | Standard 50/50 split,standard,True,0.0,0.0,
txn_0442,,2024-09-08,Jordyn,AMAZON MKTPL*ZT8AP12A1 Amzn.com/bill WA,AMAZON MKTPL*ZT8AP12A1 Amzn.com/bill WA,0.0,0.0,0.0,[],SR | Standard 50/50 split,standard,True,0.0,0.0,
txn_0507,,2024-09-09,Ryan,Chase Zelle,Chase Zelle,0.0,0.0,0.0,[],SR | Standard 50/50 split,standard,True,0.0,0.0,
txn_0508,,2024-09-09,Jordyn,Chase Zelle,Chase Zelle,0.0,0.0,0.0,[],SR | Standard 50/50 split,standard,True,0.0,0.0,
txn_0443,,2024-09-12,Ryan,AUTOMATIC PAYMENT - THANK YOU,AUTOMATIC PAYMENT - THANK YOU,0.0,0.0,0.0,[],SR | Standard 50/50 split,standard,True,0.0,0.0,
txn_0444,,2024-09-12,Jordyn,AUTOMATIC PAYMENT - THANK YOU,AUTOMATIC PAYMENT - THANK YOU,0.0,0.0,0.0,[],SR | Standard 50/50 split,standard,True,0.0,0.0,
txn_0445,,2024-09-13,Ryan,SPROUTS FARMERS MAR CHANDLER AZ,SPROUTS FARMERS MAR CHANDLER AZ,0.0,0.0,0.0,[],SR | Standard 50/50 split,standard,True,0.0,0.0,
txn_0446,,2024-09-13,Jordyn,SPROUTS FARMERS MAR CHANDLER AZ,SPROUTS FARMERS MAR CHANDLER AZ,0.0,0.0,0.0,[],SR | Standard 50/50 split,standard,True,0.0,0.0,
txn_0447,,2024-09-15,Ryan,TARGET 00018382 CHANDLER AZ,TARGET 00018382 CHANDLER AZ,0.0,0.0,0.0,[],SR | Standard 50/50 split,standard,True,0.0,0.0,
txn_0448,,2024-09-15,Jordyn,TARGET 00018382 CHANDLER AZ,TARGET 00018382 CHANDLER AZ,0.0,0.0,0.0,[],SR | Standard 50/50 split,standard,True,0.0,0.0,
txn_0449,,2024-09-15,Ryan,IN-N-OUT CHANDLER 2 CHANDLER AZ,IN-N-OUT CHANDLER 2 CHANDLER AZ,0.0,0.0,0.0,[],SR | Standard 50/50 split,standard,True,0.0,0.0,
txn_0450,,2024-09-15,Jordyn,IN-N-OUT CHANDLER 2 CHANDLER AZ,IN-N-OUT CHANDLER 2 CHANDLER AZ,0.0,0.0,0.0,[],SR | Standard 50/50 split,standard,True,0.0,0.0,
txn_0455,,2024-09-15,Ryan,IN-N-OUT CHANDLER 2 CHANDLER AZ#2469216LL305DERQ9,IN-N-OUT CHANDLER 2 CHANDLER AZ#2469216LL305DERQ9,0.0,0.0,0.0,[],SR | Standard 50/50 split,standard,True,0.0,0.0,
txn_0456,,2024-09-15,Jordyn,IN-N-OUT CHANDLER 2 CHANDLER AZ#2469216LL305DERQ9,IN-N-OUT CHANDLER 2 CHANDLER AZ#2469216LL305DERQ9,0.0,0.0,0.0,[],SR | Standard 50/50 split,standard,True,0.0,0.0,
txn_0457,,2024-09-15,Ryan,TARGET 00018382 CHANDLER AZ#2416407LK2LR7H613,TARGET 00018382 CHANDLER AZ#2416407LK2LR7H613,0.0,0.0,0.0,[],SR | Standard 50/50 split,standard,True,0.0,0.0,
txn_0458,,2024-09-15,Jordyn,TARGET 00018382 CHANDLER AZ#2416407LK2LR7H613,TARGET 00018382 CHANDLER AZ#2416407LK2LR7H613,0.0,0.0,0.0,[],SR | Standard 50/50 split,standard,True,0.0,0.0,
txn_0459,,2024-09-15,Ryan,TARGET 00018382 CHANDLER AZ#2416407LK2LR7H613,TARGET 00018382 CHANDLER AZ#2416407LK2LR7H613,0.0,0.0,0.0,[],SR | Standard 50/50 split,standard,True,0.0,0.0,
txn_0460,,2024-09-15,Jordyn,TARGET 00018382 CHANDLER AZ#2416407LK2LR7H613,TARGET 00018382 CHANDLER AZ#2416407LK2LR7H613,0.0,0.0,0.0,[],SR | Standard 50/50 split,standard,True,0.0,0.0,
txn_0451,,2024-09-16,Ryan,PETSMART # 1017 CHANDLER AZ,PETSMART # 1017 CHANDLER AZ,0.0,0.0,0.0,[],SR | Standard 50/50 split,standard,True,0.0,0.0,
txn_0452,,2024-09-16,Jordyn,PETSMART # 1017 CHANDLER AZ,PETSMART # 1017 CHANDLER AZ,0.0,0.0,0.0,[],SR | Standard 50/50 split,standard,True,0.0,0.0,
txn_0453,,2024-09-16,Ryan,FRYS-FOOD-DRG #051 CHANDLER AZ,FRYS-FOOD-DRG #051 CHANDLER AZ,0.0,0.0,0.0,[],SR | Standard 50/50 split,standard,True,0.0,0.0,
txn_0454,,2024-09-16,Jordyn,FRYS-FOOD-DRG #051 CHANDLER AZ,FRYS-FOOD-DRG #051 CHANDLER AZ,0.0,0.0,0.0,[],SR | Standard 50/50 split,standard,True,0.0,0.0,
txn_0461,,2024-09-16,Ryan,FRYS-FOOD-DRG #051 CHANDLER AZ#2444500LL8PNZN3AS,FRYS-FOOD-DRG #051 CHANDLER AZ#2444500LL8PNZN3AS,0.0,0.0,0.0,[],SR | Standard 50/50 split,standard,True,0.0,0.0,
txn_0462,,2024-09-16,Jordyn,FRYS-FOOD-DRG #051 CHANDLER AZ#2444500LL8PNZN3AS,FRYS-FOOD-DRG #051 CHANDLER AZ#2444500LL8PNZN3AS,0.0,0.0,0.0,[],SR | Standard 50/50 split,standard,True,0.0,0.0,
txn_0463,,2024-09-16,Ryan,PETSMART # 1017 CHANDLER AZ#2423168LM2M403GEF,PETSMART # 1017 CHANDLER AZ#2423168LM2M403GEF,0.0,0.0,0.0,[],SR | Standard 50/50 split,standard,True,0.0,0.0,
txn_0464,,2024-09-16,Jordyn,PETSMART # 1017 CHANDLER AZ#2423168LM2M403GEF,PETSMART # 1017 CHANDLER AZ#2423168LM2M403GEF,0.0,0.0,0.0,[],SR | Standard 50/50 split,standard,True,0.0,0.0,
txn_0465,,2024-09-17,Ryan,INTEREST CHARGE ON PURCHASES,INTEREST CHARGE ON PURCHASES,0.0,0.0,0.0,[],SR | Standard 50/50 split,standard,True,0.0,0.0,
txn_0466,,2024-09-17,Jordyn,INTEREST CHARGE ON PURCHASES,INTEREST CHARGE ON PURCHASES,0.0,0.0,0.0,[],SR | Standard 50/50 split,standard,True,0.0,0.0,
txn_0505,,2024-09-17,Ryan,Chase Zelle,Chase Zelle,0.0,0.0,0.0,[],SR | Standard 50/50 split,standard,True,0.0,0.0,
txn_0506,,2024-09-17,Jordyn,Chase Zelle,Chase Zelle,0.0,0.0,0.0,[],SR | Standard 50/50 split,standard,True,0.0,0.0,
txn_0467,,2024-09-18,Ryan,AMAZON MKTPL*YC0N479G3 Amzn.com/billWA#2469216LN31HJ5K77,AMAZON MKTPL*YC0N479G3 Amzn.com/billWA#2469216LN31HJ5K77,0.0,0.0,0.0,[],SR | Standard 50/50 split,standard,True,0.0,0.0,
txn_0468,,2024-09-18,Jordyn,AMAZON MKTPL*YC0N479G3 Amzn.com/billWA#2469216LN31HJ5K77,AMAZON MKTPL*YC0N479G3 Amzn.com/billWA#2469216LN31HJ5K77,0.0,0.0,0.0,[],SR | Standard 50/50 split,standard,True,0.0,0.0,
txn_0503,,2024-09-18,Ryan,Chase Zelle,Chase Zelle,0.0,0.0,0.0,[],SR | Standard 50/50 split,standard,True,0.0,0.0,
txn_0504,,2024-09-18,Jordyn,Chase Zelle,Chase Zelle,0.0,0.0,0.0,[],SR | Standard 50/50 split,standard,True,0.0,0.0,
txn_0501,,2024-09-20,Ryan,Discover,Discover,0.0,0.0,0.0,[],SR | Standard 50/50 split,standard,True,0.0,0.0,
txn_0502,,2024-09-20,Jordyn,Discover,Discover,0.0,0.0,0.0,[],SR | Standard 50/50 split,standard,True,0.0,0.0,
txn_0469,,2024-09-21,Ryan,PHO CHANDLER CHANDLER AZ#2476501LS2SQKKTXK,PHO CHANDLER CHANDLER AZ#2476501LS2SQKKTXK,0.0,0.0,0.0,[],SR | Standard 50/50 split,standard,True,0.0,0.0,
txn_0470,,2024-09-21,Jordyn,PHO CHANDLER CHANDLER AZ#2476501LS2SQKKTXK,PHO CHANDLER CHANDLER AZ#2476501LS2SQKKTXK,0.0,0.0,0.0,[],SR | Standard 50/50 split,standard,True,0.0,0.0,
txn_0471,,2024-09-21,Ryan,TST*SNEAKY BIRD-COOLEY S 480-300-3315 AZ#2469216LT3428ME5E,TST*SNEAKY BIRD-COOLEY S 480-300-3315 AZ#2469216LT3428ME5E,0.0,0.0,0.0,[],SR | Standard 50/50 split,standard,True,0.0,0.0,
txn_0472,,2024-09-21,Jordyn,TST*SNEAKY BIRD-COOLEY S 480-300-3315 AZ#2469216LT3428ME5E,TST*SNEAKY BIRD-COOLEY S 480-300-3315 AZ#2469216LT3428ME5E,0.0,0.0,0.0,[],SR | Standard 50/50 split,standard,True,0.0,0.0,
txn_0473,,2024-09-21,Ryan,TARGET 00018382 CHANDLER AZ#2416407LS2LR7BPG5,TARGET 00018382 CHANDLER AZ#2416407LS2LR7BPG5,0.0,0.0,0.0,[],SR | Standard 50/50 split,standard,True,0.0,0.0,
txn_0474,,2024-09-21,Jordyn,TARGET 00018382 CHANDLER AZ#2416407LS2LR7BPG5,TARGET 00018382 CHANDLER AZ#2416407LS2LR7BPG5,0.0,0.0,0.0,[],SR | Standard 50/50 split,standard,True,0.0,0.0,
txn_0475,,2024-09-21,Ryan,VCA ANIMAL HOSPITALS HTTPSVCAHOSPICA#2401134LT000LJKJF,VCA ANIMAL HOSPITALS HTTPSVCAHOSPICA#2401134LT000LJKJF,0.0,0.0,0.0,[],SR | Standard 50/50 split,standard,True,0.0,0.0,
txn_0476,,2024-09-21,Jordyn,VCA ANIMAL HOSPITALS HTTPSVCAHOSPICA#2401134LT000LJKJF,VCA ANIMAL HOSPITALS HTTPSVCAHOSPICA#2401134LT000LJKJF,0.0,0.0,0.0,[],SR | Standard 50/50 split,standard,True,0.0,0.0,
txn_0477,,2024-09-23,Ryan,StubHub Event Tickets Wilmington DE#2479338LV017V611B,StubHub Event Tickets Wilmington DE#2479338LV017V611B,0.0,0.0,0.0,[],SR | Standard 50/50 split,standard,True,0.0,0.0,
txn_0478,,2024-09-23,Jordyn,StubHub Event Tickets Wilmington DE#2479338LV017V611B,StubHub Event Tickets Wilmington DE#2479338LV017V611B,0.0,0.0,0.0,[],SR | Standard 50/50 split,standard,True,0.0,0.0,
txn_0479,,2024-09-24,Ryan,QT 478 MESA AZ#2469216LX2XVJJYH3,QT 478 MESA AZ#2469216LX2XVJJYH3,0.0,0.0,0.0,"['multiplier_2x', 'ambiguous_2x']",FT | Full to Jordyn,standard,True,0.0,0.0,
txn_0480,,2024-09-24,Jordyn,QT 478 MESA AZ#2469216LX2XVJJYH3,QT 478 MESA AZ#2469216LX2XVJJYH3,0.0,0.0,0.0,"['multiplier_2x', 'ambiguous_2x']",FT | Full to Jordyn,standard,True,0.0,0.0,
txn_0481,,2024-09-24,Ryan,FRYS-FOOD-DRG #051 CHANDLER AZ#2444500LW8PNLDR0Z,FRYS-FOOD-DRG #051 CHANDLER AZ#2444500LW8PNLDR0Z,0.0,0.0,0.0,[],SR | Standard 50/50 split,standard,True,0.0,0.0,
txn_0482,,2024-09-24,Jordyn,FRYS-FOOD-DRG #051 CHANDLER AZ#2444500LW8PNLDR0Z,FRYS-FOOD-DRG #051 CHANDLER AZ#2444500LW8PNLDR0Z,0.0,0.0,0.0,[],SR | Standard 50/50 split,standard,True,0.0,0.0,
txn_0483,,2024-09-25,Ryan,AMAZON MKTPL*BP2YO8963 Amzn.com/billWA#2469216LX2Y6L8HRX,AMAZON MKTPL*BP2YO8963 Amzn.com/billWA#2469216LX2Y6L8HRX,0.0,0.0,0.0,[],SR | Standard 50/50 split,standard,True,0.0,0.0,
txn_0484,,2024-09-25,Jordyn,AMAZON MKTPL*BP2YO8963 Amzn.com/billWA#2469216LX2Y6L8HRX,AMAZON MKTPL*BP2YO8963 Amzn.com/billWA#2469216LX2Y6L8HRX,0.0,0.0,0.0,[],SR | Standard 50/50 split,standard,True,0.0,0.0,
txn_0485,,2024-09-25,Ryan,AMAZON MKTPL*UW9ZK4473 Amzn.com/billWA#2469216LX2XSWQXTV,AMAZON MKTPL*UW9ZK4473 Amzn.com/billWA#2469216LX2XSWQXTV,0.0,0.0,0.0,"['multiplier_2x', 'ambiguous_2x']",FT | Full to Jordyn,standard,True,0.0,0.0,
txn_0486,,2024-09-25,Jordyn,AMAZON MKTPL*UW9ZK4473 Amzn.com/billWA#2469216LX2XSWQXTV,AMAZON MKTPL*UW9ZK4473 Amzn.com/billWA#2469216LX2XSWQXTV,0.0,0.0,0.0,"['multiplier_2x', 'ambiguous_2x']",FT | Full to Jordyn,standard,True,0.0,0.0,
txn_0487,,2024-09-25,Ryan,FRYS FUEL #7658 GILBERT AZ#2444500LX8PP1J4E9,FRYS FUEL #7658 GILBERT AZ#2444500LX8PP1J4E9,0.0,0.0,0.0,[],SR | Standard 50/50 split,standard,True,0.0,0.0,
txn_0488,,2024-09-25,Jordyn,FRYS FUEL #7658 GILBERT AZ#2444500LX8PP1J4E9,FRYS FUEL #7658 GILBERT AZ#2444500LX8PP1J4E9,0.0,0.0,0.0,[],SR | Standard 50/50 split,standard,True,0.0,0.0,
txn_0489,,2024-09-25,Ryan,BOBBY Q MESA AZ#2405522LY2XPL80N4,BOBBY Q MESA AZ#2405522LY2XPL80N4,0.0,0.0,0.0,"['multiplier_2x', 'ambiguous_2x']",FT | Full to Jordyn,standard,True,0.0,0.0,
txn_0490,,2024-09-25,Jordyn,BOBBY Q MESA AZ#2405522LY2XPL80N4,BOBBY Q MESA AZ#2405522LY2XPL80N4,0.0,0.0,0.0,"['multiplier_2x', 'ambiguous_2x']",FT | Full to Jordyn,standard,True,0.0,0.0,
txn_0491,,2024-09-26,Ryan,SPROUTS FARMERS MAR CHANDLER AZ#2442733LZLM8MGS5J,SPROUTS FARMERS MAR CHANDLER AZ#2442733LZLM8MGS5J,0.0,0.0,0.0,[],SR | Standard 50/50 split,standard,True,0.0,0.0,
txn_0492,,2024-09-26,Jordyn,SPROUTS FARMERS MAR CHANDLER AZ#2442733LZLM8MGS5J,SPROUTS FARMERS MAR CHANDLER AZ#2442733LZLM8MGS5J,0.0,0.0,0.0,[],SR | Standard 50/50 split,standard,True,0.0,0.0,
txn_0493,,2024-09-27,Ryan,AMAZON MKTPL*6N2DS7LN3 Amzn.com/billWA#2469216LZ2ZNXKPLG,AMAZON MKTPL*6N2DS7LN3 Amzn.com/billWA#2469216LZ2ZNXKPLG,0.0,0.0,0.0,[],SR | Standard 50/50 split,standard,True,0.0,0.0,
txn_0494,,2024-09-27,Jordyn,AMAZON MKTPL*6N2DS7LN3 Amzn.com/billWA#2469216LZ2ZNXKPLG,AMAZON MKTPL*6N2DS7LN3 Amzn.com/billWA#2469216LZ2ZNXKPLG,0.0,0.0,0.0,[],SR | Standard 50/50 split,standard,True,0.0,0.0,
txn_0495,,2024-09-28,Ryan,TARGET 00018382 CHANDLER AZ#7416407M12LRQ5S74,TARGET 00018382 CHANDLER AZ#7416407M12LRQ5S74,0.0,0.0,0.0,[],SR | Standard 50/50 split,standard,True,0.0,0.0,
txn_0496,,2024-09-28,Jordyn,TARGET 00018382 CHANDLER AZ#7416407M12LRQ5S74,TARGET 00018382 CHANDLER AZ#7416407M12LRQ5S74,0.0,0.0,0.0,[],SR | Standard 50/50 split,standard,True,0.0,0.0,
txn_0001,,,Ryan,,,0.0,0.0,0.0,[],SR | Standard 50/50 split,standard,True,0.0,0.0,
txn_0002,,,Jordyn,,,0.0,0.0,0.0,[],SR | Standard 50/50 split,standard,True,0.0,0.0,
txn_0003,,,Ryan,,,0.0,0.0,0.0,[],SR | Standard 50/50 split,standard,True,0.0,0.0,
txn_0004,,,Jordyn,,,0.0,0.0,0.0,[],SR | Standard 50/50 split,standard,True,0.0,0.0,
txn_0005,,,Ryan,,,0.0,0.0,0.0,[],SR | Standard 50/50 split,standard,True,0.0,0.0,
txn_0006,,,Jordyn,,,0.0,0.0,0.0,[],SR | Standard 50/50 split,standard,True,0.0,0.0,
txn_0007,,,Ryan,,,0.0,0.0,0.0,[],SR | Standard 50/50 split,standard,True,0.0,0.0,
txn_0008,,,Jordyn,,,0.0,0.0,0.0,[],SR | Standard 50/50 split,standard,True,0.0,0.0,
txn_0009,,,Ryan,,,0.0,0.0,0.0,[],SR | Standard 50/50 split,standard,True,0.0,0.0,
txn_0010,,,Jordyn,,,0.0,0.0,0.0,[],SR | Standard 50/50 split,standard,True,0.0,0.0,
txn_0011,,,Ryan,,,0.0,0.0,0.0,[],SR | Standard 50/50 split,standard,True,0.0,0.0,
txn_0012,,,Jordyn,,,0.0,0.0,0.0,[],SR | Standard 50/50 split,standard,True,0.0,0.0,
txn_0013,,,Ryan,,,0.0,0.0,0.0,[],SR | Standard 50/50 split,standard,True,0.0,0.0,
txn_0014,,,Jordyn,,,0.0,0.0,0.0,[],SR | Standard 50/50 split,standard,True,0.0,0.0,
txn_0015,,,Ryan,,,0.0,0.0,0.0,[],SR | Standard 50/50 split,standard,True,0.0,0.0,
txn_0016,,,Jordyn,,,0.0,0.0,0.0,[],SR | Standard 50/50 split,standard,True,0.0,0.0,
txn_0017,,,Ryan,,,0.0,0.0,0.0,[],SR | Standard 50/50 split,standard,True,0.0,0.0,
txn_0018,,,Jordyn,,,0.0,0.0,0.0,[],SR | Standard 50/50 split,standard,True,0.0,0.0,
txn_0019,,,Ryan,,,0.0,0.0,0.0,[],SR | Standard 50/50 split,standard,True,0.0,0.0,
txn_0020,,,Jordyn,,,0.0,0.0,0.0,[],SR | Standard 50/50 split,standard,True,0.0,0.0,
txn_0021,,,Ryan,,,0.0,0.0,0.0,[],SR | Standard 50/50 split,standard,True,0.0,0.0,
txn_0022,,,Jordyn,,,0.0,0.0,0.0,[],SR | Standard 50/50 split,standard,True,0.0,0.0,
txn_0023,,,Ryan,,,0.0,0.0,0.0,[],SR | Standard 50/50 split,standard,True,0.0,0.0,
txn_0024,,,Jordyn,,,0.0,0.0,0.0,[],SR | Standard 50/50 split,standard,True,0.0,0.0,
txn_0025,,,Ryan,,,0.0,0.0,0.0,[],SR | Standard 50/50 split,standard,True,0.0,0.0,
txn_0026,,,Jordyn,,,0.0,0.0,0.0,[],SR | Standard 50/50 split,standard,True,0.0,0.0,
txn_0027,,,Ryan,,,0.0,0.0,0.0,[],SR | Standard 50/50 split,standard,True,0.0,0.0,
txn_0028,,,Jordyn,,,0.0,0.0,0.0,[],SR | Standard 50/50 split,standard,True,0.0,0.0,
txn_0029,,,Ryan,,,0.0,0.0,0.0,[],SR | Standard 50/50 split,standard,True,0.0,0.0,
txn_0030,,,Jordyn,,,0.0,0.0,0.0,[],SR | Standard 50/50 split,standard,True,0.0,0.0,
txn_0031,,,Ryan,,,0.0,0.0,0.0,[],SR | Standard 50/50 split,standard,True,0.0,0.0,
txn_0032,,,Jordyn,,,0.0,0.0,0.0,[],SR | Standard 50/50 split,standard,True,0.0,0.0,
txn_0033,,,Ryan,,,0.0,0.0,0.0,[],SR | Standard 50/50 split,standard,True,0.0,0.0,
txn_0034,,,Jordyn,,,0.0,0.0,0.0,[],SR | Standard 50/50 split,standard,True,0.0,0.0,
txn_0035,,,Ryan,,,0.0,0.0,0.0,[],SR | Standard 50/50 split,standard,True,0.0,0.0,
txn_0036,,,Jordyn,,,0.0,0.0,0.0,[],SR | Standard 50/50 split,standard,True,0.0,0.0,
txn_0037,,,Ryan,,,0.0,0.0,0.0,[],SR | Standard 50/50 split,standard,True,0.0,0.0,
txn_0038,,,Jordyn,,,0.0,0.0,0.0,[],SR | Standard 50/50 split,standard,True,0.0,0.0,
txn_0039,,,Ryan,,,0.0,0.0,0.0,[],SR | Standard 50/50 split,standard,True,0.0,0.0,
txn_0040,,,Jordyn,,,0.0,0.0,0.0,[],SR | Standard 50/50 split,standard,True,0.0,0.0,
txn_0041,,,Ryan,,,0.0,0.0,0.0,[],SR | Standard 50/50 split,standard,True,0.0,0.0,
txn_0042,,,Jordyn,,,0.0,0.0,0.0,[],SR | Standard 50/50 split,standard,True,0.0,0.0,
txn_0043,,,Ryan,,,0.0,0.0,0.0,[],SR | Standard 50/50 split,standard,True,0.0,0.0,
txn_0044,,,Jordyn,,,0.0,0.0,0.0,[],SR | Standard 50/50 split,standard,True,0.0,0.0,
txn_0045,,,Ryan,,,0.0,0.0,0.0,[],SR | Standard 50/50 split,standard,True,0.0,0.0,
txn_0046,,,Jordyn,,,0.0,0.0,0.0,[],SR | Standard 50/50 split,standard,True,0.0,0.0,
txn_0047,,,Ryan,,,0.0,0.0,0.0,[],SR | Standard 50/50 split,standard,True,0.0,0.0,
txn_0048,,,Jordyn,,,0.0,0.0,0.0,[],SR | Standard 50/50 split,standard,True,0.0,0.0,
txn_0049,,,Ryan,,,0.0,0.0,0.0,[],SR | Standard 50/50 split,standard,True,0.0,0.0,
txn_0050,,,Jordyn,,,0.0,0.0,0.0,[],SR | Standard 50/50 split,standard,True,0.0,0.0,
txn_0051,,,Ryan,,,0.0,0.0,0.0,[],SR | Standard 50/50 split,standard,True,0.0,0.0,
txn_0052,,,Jordyn,,,0.0,0.0,0.0,[],SR | Standard 50/50 split,standard,True,0.0,0.0,
txn_0053,,,Ryan,,,0.0,0.0,0.0,[],SR | Standard 50/50 split,standard,True,0.0,0.0,
txn_0054,,,Jordyn,,,0.0,0.0,0.0,[],SR | Standard 50/50 split,standard,True,0.0,0.0,
txn_0055,,,Ryan,,,0.0,0.0,0.0,[],SR | Standard 50/50 split,standard,True,0.0,0.0,
txn_0056,,,Jordyn,,,0.0,0.0,0.0,[],SR | Standard 50/50 split,standard,True,0.0,0.0,
txn_0057,,,Ryan,,,0.0,0.0,0.0,[],SR | Standard 50/50 split,standard,True,0.0,0.0,
txn_0058,,,Jordyn,,,0.0,0.0,0.0,[],SR | Standard 50/50 split,standard,True,0.0,0.0,
txn_0059,,,Ryan,,,0.0,0.0,0.0,[],SR | Standard 50/50 split,standard,True,0.0,0.0,
txn_0060,,,Jordyn,,,0.0,0.0,0.0,[],SR | Standard 50/50 split,standard,True,0.0,0.0,
txn_0061,,,Ryan,,,0.0,0.0,0.0,[],SR | Standard 50/50 split,standard,True,0.0,0.0,
txn_0062,,,Jordyn,,,0.0,0.0,0.0,[],SR | Standard 50/50 split,standard,True,0.0,0.0,
txn_0063,,,Ryan,,,0.0,0.0,0.0,[],SR | Standard 50/50 split,standard,True,0.0,0.0,
txn_0064,,,Jordyn,,,0.0,0.0,0.0,[],SR | Standard 50/50 split,standard,True,0.0,0.0,
txn_0065,,,Ryan,,,0.0,0.0,0.0,[],SR | Standard 50/50 split,standard,True,0.0,0.0,
txn_0066,,,Jordyn,,,0.0,0.0,0.0,[],SR | Standard 50/50 split,standard,True,0.0,0.0,
txn_0067,,,Ryan,,,0.0,0.0,0.0,[],SR | Standard 50/50 split,standard,True,0.0,0.0,
txn_0068,,,Jordyn,,,0.0,0.0,0.0,[],SR | Standard 50/50 split,standard,True,0.0,0.0,
txn_0069,,,Ryan,,,0.0,0.0,0.0,[],SR | Standard 50/50 split,standard,True,0.0,0.0,
txn_0070,,,Jordyn,,,0.0,0.0,0.0,[],SR | Standard 50/50 split,standard,True,0.0,0.0,
txn_0071,,,Ryan,,,0.0,0.0,0.0,[],SR | Standard 50/50 split,standard,True,0.0,0.0,
txn_0072,,,Jordyn,,,0.0,0.0,0.0,[],SR | Standard 50/50 split,standard,True,0.0,0.0,
txn_0073,,,Ryan,,,0.0,0.0,0.0,[],SR | Standard 50/50 split,standard,True,0.0,0.0,
txn_0074,,,Jordyn,,,0.0,0.0,0.0,[],SR | Standard 50/50 split,standard,True,0.0,0.0,
txn_0075,,,Ryan,,,0.0,0.0,0.0,[],SR | Standard 50/50 split,standard,True,0.0,0.0,
txn_0076,,,Jordyn,,,0.0,0.0,0.0,[],SR | Standard 50/50 split,standard,True,0.0,0.0,
txn_0077,,,Ryan,,,0.0,0.0,0.0,[],SR | Standard 50/50 split,standard,True,0.0,0.0,
txn_0078,,,Jordyn,,,0.0,0.0,0.0,[],SR | Standard 50/50 split,standard,True,0.0,0.0,
txn_0079,,,Ryan,,,0.0,0.0,0.0,[],SR | Standard 50/50 split,standard,True,0.0,0.0,
txn_0080,,,Jordyn,,,0.0,0.0,0.0,[],SR | Standard 50/50 split,standard,True,0.0,0.0,
txn_0081,,,Ryan,,,0.0,0.0,0.0,[],SR | Standard 50/50 split,standard,True,0.0,0.0,
txn_0082,,,Jordyn,,,0.0,0.0,0.0,[],SR | Standard 50/50 split,standard,True,0.0,0.0,
txn_0083,,,Ryan,,,0.0,0.0,0.0,[],SR | Standard 50/50 split,standard,True,0.0,0.0,
txn_0084,,,Jordyn,,,0.0,0.0,0.0,[],SR | Standard 50/50 split,standard,True,0.0,0.0,
txn_0085,,,Ryan,,,0.0,0.0,0.0,[],SR | Standard 50/50 split,standard,True,0.0,0.0,
txn_0086,,,Jordyn,,,0.0,0.0,0.0,[],SR | Standard 50/50 split,standard,True,0.0,0.0,
txn_0087,,,Ryan,,,0.0,0.0,0.0,[],SR | Standard 50/50 split,standard,True,0.0,0.0,
txn_0088,,,Jordyn,,,0.0,0.0,0.0,[],SR | Standard 50/50 split,standard,True,0.0,0.0,
txn_0089,,,Ryan,,,0.0,0.0,0.0,[],SR | Standard 50/50 split,standard,True,0.0,0.0,
txn_0090,,,Jordyn,,,0.0,0.0,0.0,[],SR | Standard 50/50 split,standard,True,0.0,0.0,
txn_0091,,,Ryan,,,0.0,0.0,0.0,[],SR | Standard 50/50 split,standard,True,0.0,0.0,
txn_0092,,,Jordyn,,,0.0,0.0,0.0,[],SR | Standard 50/50 split,standard,True,0.0,0.0,
txn_0093,,,Ryan,,,0.0,0.0,0.0,[],SR | Standard 50/50 split,standard,True,0.0,0.0,
txn_0094,,,Jordyn,,,0.0,0.0,0.0,[],SR | Standard 50/50 split,standard,True,0.0,0.0,
txn_0095,,,Ryan,,,0.0,0.0,0.0,[],SR | Standard 50/50 split,standard,True,0.0,0.0,
txn_0096,,,Jordyn,,,0.0,0.0,0.0,[],SR | Standard 50/50 split,standard,True,0.0,0.0,
txn_0097,,,Ryan,,,0.0,0.0,0.0,[],SR | Standard 50/50 split,standard,True,0.0,0.0,
txn_0098,,,Jordyn,,,0.0,0.0,0.0,[],SR | Standard 50/50 split,standard,True,0.0,0.0,
txn_0099,,,Ryan,,,0.0,0.0,0.0,[],SR | Standard 50/50 split,standard,True,0.0,0.0,
txn_0100,,,Jordyn,,,0.0,0.0,0.0,[],SR | Standard 50/50 split,standard,True,0.0,0.0,
txn_0101,,,Ryan,,,0.0,0.0,0.0,[],SR | Standard 50/50 split,standard,True,0.0,0.0,
txn_0102,,,Jordyn,,,0.0,0.0,0.0,[],SR | Standard 50/50 split,standard,True,0.0,0.0,
txn_0103,,,Ryan,,,0.0,0.0,0.0,[],SR | Standard 50/50 split,standard,True,0.0,0.0,
txn_0104,,,Jordyn,,,0.0,0.0,0.0,[],SR | Standard 50/50 split,standard,True,0.0,0.0,
txn_0105,,,Ryan,,,0.0,0.0,0.0,[],SR | Standard 50/50 split,standard,True,0.0,0.0,
txn_0106,,,Jordyn,,,0.0,0.0,0.0,[],SR | Standard 50/50 split,standard,True,0.0,0.0,
txn_0107,,,Ryan,,,0.0,0.0,0.0,[],SR | Standard 50/50 split,standard,True,0.0,0.0,
txn_0108,,,Jordyn,,,0.0,0.0,0.0,[],SR | Standard 50/50 split,standard,True,0.0,0.0,
txn_0109,,,Ryan,,,0.0,0.0,0.0,[],SR | Standard 50/50 split,standard,True,0.0,0.0,
txn_0110,,,Jordyn,,,0.0,0.0,0.0,[],SR | Standard 50/50 split,standard,True,0.0,0.0,
txn_0111,,,Ryan,,,0.0,0.0,0.0,[],SR | Standard 50/50 split,standard,True,0.0,0.0,
txn_0112,,,Jordyn,,,0.0,0.0,0.0,[],SR | Standard 50/50 split,standard,True,0.0,0.0,
txn_0113,,,Ryan,,,0.0,0.0,0.0,[],SR | Standard 50/50 split,standard,True,0.0,0.0,
txn_0114,,,Jordyn,,,0.0,0.0,0.0,[],SR | Standard 50/50 split,standard,True,0.0,0.0,
txn_0115,,,Ryan,,,0.0,0.0,0.0,[],SR | Standard 50/50 split,standard,True,0.0,0.0,
txn_0116,,,Jordyn,,,0.0,0.0,0.0,[],SR | Standard 50/50 split,standard,True,0.0,0.0,
txn_0117,,,Ryan,,,0.0,0.0,0.0,[],SR | Standard 50/50 split,standard,True,0.0,0.0,
txn_0118,,,Jordyn,,,0.0,0.0,0.0,[],SR | Standard 50/50 split,standard,True,0.0,0.0,
txn_0119,,,Ryan,,,0.0,0.0,0.0,[],SR | Standard 50/50 split,standard,True,0.0,0.0,
txn_0120,,,Jordyn,,,0.0,0.0,0.0,[],SR | Standard 50/50 split,standard,True,0.0,0.0,
txn_0121,,,Ryan,,,0.0,0.0,0.0,[],SR | Standard 50/50 split,standard,True,0.0,0.0,
txn_0122,,,Jordyn,,,0.0,0.0,0.0,[],SR | Standard 50/50 split,standard,True,0.0,0.0,
txn_0123,,,Ryan,,,0.0,0.0,0.0,[],SR | Standard 50/50 split,standard,True,0.0,0.0,
txn_0124,,,Jordyn,,,0.0,0.0,0.0,[],SR | Standard 50/50 split,standard,True,0.0,0.0,
txn_0125,,,Ryan,,,0.0,0.0,0.0,[],SR | Standard 50/50 split,standard,True,0.0,0.0,
txn_0126,,,Jordyn,,,0.0,0.0,0.0,[],SR | Standard 50/50 split,standard,True,0.0,0.0,
txn_0127,,,Ryan,,,0.0,0.0,0.0,[],SR | Standard 50/50 split,standard,True,0.0,0.0,
txn_0128,,,Jordyn,,,0.0,0.0,0.0,[],SR | Standard 50/50 split,standard,True,0.0,0.0,
txn_0129,,,Ryan,,,0.0,0.0,0.0,[],SR | Standard 50/50 split,standard,True,0.0,0.0,
txn_0130,,,Jordyn,,,0.0,0.0,0.0,[],SR | Standard 50/50 split,standard,True,0.0,0.0,
txn_0131,,,Ryan,,,0.0,0.0,0.0,[],SR | Standard 50/50 split,standard,True,0.0,0.0,
txn_0132,,,Jordyn,,,0.0,0.0,0.0,[],SR | Standard 50/50 split,standard,True,0.0,0.0,
txn_0133,,,Ryan,,,0.0,0.0,0.0,[],SR | Standard 50/50 split,standard,True,0.0,0.0,
txn_0134,,,Jordyn,,,0.0,0.0,0.0,[],SR | Standard 50/50 split,standard,True,0.0,0.0,
txn_0135,,,Ryan,,,0.0,0.0,0.0,[],SR | Standard 50/50 split,standard,True,0.0,0.0,
txn_0136,,,Jordyn,,,0.0,0.0,0.0,[],SR | Standard 50/50 split,standard,True,0.0,0.0,
txn_0137,,,Ryan,,,0.0,0.0,0.0,[],SR | Standard 50/50 split,standard,True,0.0,0.0,
txn_0138,,,Jordyn,,,0.0,0.0,0.0,[],SR | Standard 50/50 split,standard,True,0.0,0.0,
txn_0139,,,Ryan,,,0.0,0.0,0.0,[],SR | Standard 50/50 split,standard,True,0.0,0.0,
txn_0140,,,Jordyn,,,0.0,0.0,0.0,[],SR | Standard 50/50 split,standard,True,0.0,0.0,
txn_0141,,,Ryan,,,0.0,0.0,0.0,[],SR | Standard 50/50 split,standard,True,0.0,0.0,
txn_0142,,,Jordyn,,,0.0,0.0,0.0,[],SR | Standard 50/50 split,standard,True,0.0,0.0,
txn_0143,,,Ryan,,,0.0,0.0,0.0,[],SR | Standard 50/50 split,standard,True,0.0,0.0,
txn_0144,,,Jordyn,,,0.0,0.0,0.0,[],SR | Standard 50/50 split,standard,True,0.0,0.0,
txn_0145,,,Ryan,,,0.0,0.0,0.0,[],SR | Standard 50/50 split,standard,True,0.0,0.0,
txn_0146,,,Jordyn,,,0.0,0.0,0.0,[],SR | Standard 50/50 split,standard,True,0.0,0.0,
txn_0147,,,Ryan,,,0.0,0.0,0.0,[],SR | Standard 50/50 split,standard,True,0.0,0.0,
txn_0148,,,Jordyn,,,0.0,0.0,0.0,[],SR | Standard 50/50 split,standard,True,0.0,0.0,
txn_0149,,,Ryan,,,0.0,0.0,0.0,[],SR | Standard 50/50 split,standard,True,0.0,0.0,
txn_0150,,,Jordyn,,,0.0,0.0,0.0,[],SR | Standard 50/50 split,standard,True,0.0,0.0,
txn_0151,,,Ryan,,,0.0,0.0,0.0,[],SR | Standard 50/50 split,standard,True,0.0,0.0,
txn_0152,,,Jordyn,,,0.0,0.0,0.0,[],SR | Standard 50/50 split,standard,True,0.0,0.0,
txn_0153,,,Ryan,,,0.0,0.0,0.0,[],SR | Standard 50/50 split,standard,True,0.0,0.0,
txn_0154,,,Jordyn,,,0.0,0.0,0.0,[],SR | Standard 50/50 split,standard,True,0.0,0.0,
txn_0155,,,Ryan,,,0.0,0.0,0.0,[],SR | Standard 50/50 split,standard,True,0.0,0.0,
txn_0156,,,Jordyn,,,0.0,0.0,0.0,[],SR | Standard 50/50 split,standard,True,0.0,0.0,
txn_0157,,,Ryan,,,0.0,0.0,0.0,[],SR | Standard 50/50 split,standard,True,0.0,0.0,
txn_0158,,,Jordyn,,,0.0,0.0,0.0,[],SR | Standard 50/50 split,standard,True,0.0,0.0,
txn_0159,,,Ryan,,,0.0,0.0,0.0,[],SR | Standard 50/50 split,standard,True,0.0,0.0,
txn_0160,,,Jordyn,,,0.0,0.0,0.0,[],SR | Standard 50/50 split,standard,True,0.0,0.0,
txn_0161,,,Ryan,,,0.0,0.0,0.0,[],SR | Standard 50/50 split,standard,True,0.0,0.0,
txn_0162,,,Jordyn,,,0.0,0.0,0.0,[],SR | Standard 50/50 split,standard,True,0.0,0.0,
txn_0163,,,Ryan,,,0.0,0.0,0.0,[],SR | Standard 50/50 split,standard,True,0.0,0.0,
txn_0164,,,Jordyn,,,0.0,0.0,0.0,[],SR | Standard 50/50 split,standard,True,0.0,0.0,
txn_0165,,,Ryan,,,0.0,0.0,0.0,[],SR | Standard 50/50 split,standard,True,0.0,0.0,
txn_0166,,,Jordyn,,,0.0,0.0,0.0,[],SR | Standard 50/50 split,standard,True,0.0,0.0,
txn_0167,,,Ryan,,,0.0,0.0,0.0,[],SR | Standard 50/50 split,standard,True,0.0,0.0,
txn_0168,,,Jordyn,,,0.0,0.0,0.0,[],SR | Standard 50/50 split,standard,True,0.0,0.0,
txn_0169,,,Ryan,,,0.0,0.0,0.0,[],SR | Standard 50/50 split,standard,True,0.0,0.0,
txn_0170,,,Jordyn,,,0.0,0.0,0.0,[],SR | Standard 50/50 split,standard,True,0.0,0.0,
txn_0171,,,Ryan,,,0.0,0.0,0.0,[],SR | Standard 50/50 split,standard,True,0.0,0.0,
txn_0172,,,Jordyn,,,0.0,0.0,0.0,[],SR | Standard 50/50 split,standard,True,0.0,0.0,
txn_0173,,,Ryan,,,0.0,0.0,0.0,[],SR | Standard 50/50 split,standard,True,0.0,0.0,
txn_0174,,,Jordyn,,,0.0,0.0,0.0,[],SR | Standard 50/50 split,standard,True,0.0,0.0,
txn_0175,,,Ryan,,,0.0,0.0,0.0,[],SR | Standard 50/50 split,standard,True,0.0,0.0,
txn_0176,,,Jordyn,,,0.0,0.0,0.0,[],SR | Standard 50/50 split,standard,True,0.0,0.0,
txn_0177,,,Ryan,,,0.0,0.0,0.0,[],SR | Standard 50/50 split,standard,True,0.0,0.0,
txn_0178,,,Jordyn,,,0.0,0.0,0.0,[],SR | Standard 50/50 split,standard,True,0.0,0.0,
txn_0179,,,Ryan,,,0.0,0.0,0.0,[],SR | Standard 50/50 split,standard,True,0.0,0.0,
txn_0180,,,Jordyn,,,0.0,0.0,0.0,[],SR | Standard 50/50 split,standard,True,0.0,0.0,
txn_0181,,,Ryan,,,0.0,0.0,0.0,[],SR | Standard 50/50 split,standard,True,0.0,0.0,
txn_0182,,,Jordyn,,,0.0,0.0,0.0,[],SR | Standard 50/50 split,standard,True,0.0,0.0,
txn_0183,,,Ryan,,,0.0,0.0,0.0,[],SR | Standard 50/50 split,standard,True,0.0,0.0,
txn_0184,,,Jordyn,,,0.0,0.0,0.0,[],SR | Standard 50/50 split,standard,True,0.0,0.0,
txn_0185,,,Ryan,,,0.0,0.0,0.0,[],SR | Standard 50/50 split,standard,True,0.0,0.0,
txn_0186,,,Jordyn,,,0.0,0.0,0.0,[],SR | Standard 50/50 split,standard,True,0.0,0.0,
txn_0187,,,Ryan,,,0.0,0.0,0.0,[],SR | Standard 50/50 split,standard,True,0.0,0.0,
txn_0188,,,Jordyn,,,0.0,0.0,0.0,[],SR | Standard 50/50 split,standard,True,0.0,0.0,
txn_0189,,,Ryan,,,0.0,0.0,0.0,[],SR | Standard 50/50 split,standard,True,0.0,0.0,
txn_0190,,,Jordyn,,,0.0,0.0,0.0,[],SR | Standard 50/50 split,standard,True,0.0,0.0,
txn_0191,,,Ryan,,,0.0,0.0,0.0,[],SR | Standard 50/50 split,standard,True,0.0,0.0,
txn_0192,,,Jordyn,,,0.0,0.0,0.0,[],SR | Standard 50/50 split,standard,True,0.0,0.0,
txn_0193,,,Ryan,,,0.0,0.0,0.0,[],SR | Standard 50/50 split,standard,True,0.0,0.0,
txn_0194,,,Jordyn,,,0.0,0.0,0.0,[],SR | Standard 50/50 split,standard,True,0.0,0.0,
txn_0195,,,Ryan,,,0.0,0.0,0.0,[],SR | Standard 50/50 split,standard,True,0.0,0.0,
txn_0196,,,Jordyn,,,0.0,0.0,0.0,[],SR | Standard 50/50 split,standard,True,0.0,0.0,
txn_0197,,,Ryan,,,0.0,0.0,0.0,[],SR | Standard 50/50 split,standard,True,0.0,0.0,
txn_0198,,,Jordyn,,,0.0,0.0,0.0,[],SR | Standard 50/50 split,standard,True,0.0,0.0,
txn_0199,,,Ryan,,,0.0,0.0,0.0,[],SR | Standard 50/50 split,standard,True,0.0,0.0,
txn_0200,,,Jordyn,,,0.0,0.0,0.0,[],SR | Standard 50/50 split,standard,True,0.0,0.0,
txn_0201,,,Ryan,,,0.0,0.0,0.0,[],SR | Standard 50/50 split,standard,True,0.0,0.0,
txn_0202,,,Jordyn,,,0.0,0.0,0.0,[],SR | Standard 50/50 split,standard,True,0.0,0.0,
txn_0203,,,Ryan,,,0.0,0.0,0.0,[],SR | Standard 50/50 split,standard,True,0.0,0.0,
txn_0204,,,Jordyn,,,0.0,0.0,0.0,[],SR | Standard 50/50 split,standard,True,0.0,0.0,
txn_0205,,,Ryan,,,0.0,0.0,0.0,[],SR | Standard 50/50 split,standard,True,0.0,0.0,
txn_0206,,,Jordyn,,,0.0,0.0,0.0,[],SR | Standard 50/50 split,standard,True,0.0,0.0,
txn_0207,,,Ryan,,,0.0,0.0,0.0,[],SR | Standard 50/50 split,standard,True,0.0,0.0,
txn_0208,,,Jordyn,,,0.0,0.0,0.0,[],SR | Standard 50/50 split,standard,True,0.0,0.0,
txn_0209,,,Ryan,,,0.0,0.0,0.0,[],SR | Standard 50/50 split,standard,True,0.0,0.0,
txn_0210,,,Jordyn,,,0.0,0.0,0.0,[],SR | Standard 50/50 split,standard,True,0.0,0.0,
txn_0211,,,Ryan,,,0.0,0.0,0.0,[],SR | Standard 50/50 split,standard,True,0.0,0.0,
txn_0212,,,Jordyn,,,0.0,0.0,0.0,[],SR | Standard 50/50 split,standard,True,0.0,0.0,
txn_0213,,,Ryan,,,0.0,0.0,0.0,[],SR | Standard 50/50 split,standard,True,0.0,0.0,
txn_0214,,,Jordyn,,,0.0,0.0,0.0,[],SR | Standard 50/50 split,standard,True,0.0,0.0,
txn_0215,,,Ryan,,,0.0,0.0,0.0,[],SR | Standard 50/50 split,standard,True,0.0,0.0,
txn_0216,,,Jordyn,,,0.0,0.0,0.0,[],SR | Standard 50/50 split,standard,True,0.0,0.0,
txn_0217,,,Ryan,,,0.0,0.0,0.0,[],SR | Standard 50/50 split,standard,True,0.0,0.0,
txn_0218,,,Jordyn,,,0.0,0.0,0.0,[],SR | Standard 50/50 split,standard,True,0.0,0.0,
txn_0219,,,Ryan,,,0.0,0.0,0.0,[],SR | Standard 50/50 split,standard,True,0.0,0.0,
txn_0220,,,Jordyn,,,0.0,0.0,0.0,[],SR | Standard 50/50 split,standard,True,0.0,0.0,
txn_0221,,,Ryan,,,0.0,0.0,0.0,[],SR | Standard 50/50 split,standard,True,0.0,0.0,
txn_0222,,,Jordyn,,,0.0,0.0,0.0,[],SR | Standard 50/50 split,standard,True,0.0,0.0,
txn_0223,,,Ryan,,,0.0,0.0,0.0,[],SR | Standard 50/50 split,standard,True,0.0,0.0,
txn_0224,,,Jordyn,,,0.0,0.0,0.0,[],SR | Standard 50/50 split,standard,True,0.0,0.0,
txn_0225,,,Ryan,,,0.0,0.0,0.0,[],SR | Standard 50/50 split,standard,True,0.0,0.0,
txn_0226,,,Jordyn,,,0.0,0.0,0.0,[],SR | Standard 50/50 split,standard,True,0.0,0.0,
txn_0227,,,Ryan,,,0.0,0.0,0.0,[],SR | Standard 50/50 split,standard,True,0.0,0.0,
txn_0228,,,Jordyn,,,0.0,0.0,0.0,[],SR | Standard 50/50 split,standard,True,0.0,0.0,
txn_0229,,,Ryan,,,0.0,0.0,0.0,[],SR | Standard 50/50 split,standard,True,0.0,0.0,
txn_0230,,,Jordyn,,,0.0,0.0,0.0,[],SR | Standard 50/50 split,standard,True,0.0,0.0,
txn_0231,,,Ryan,,,0.0,0.0,0.0,[],SR | Standard 50/50 split,standard,True,0.0,0.0,
txn_0232,,,Jordyn,,,0.0,0.0,0.0,[],SR | Standard 50/50 split,standard,True,0.0,0.0,
txn_0233,,,Ryan,,,0.0,0.0,0.0,[],SR | Standard 50/50 split,standard,True,0.0,0.0,
txn_0234,,,Jordyn,,,0.0,0.0,0.0,[],SR | Standard 50/50 split,standard,True,0.0,0.0,
txn_0235,,,Ryan,,,0.0,0.0,0.0,[],SR | Standard 50/50 split,standard,True,0.0,0.0,
txn_0236,,,Jordyn,,,0.0,0.0,0.0,[],SR | Standard 50/50 split,standard,True,0.0,0.0,
txn_0237,,,Ryan,,,0.0,0.0,0.0,[],SR | Standard 50/50 split,standard,True,0.0,0.0,
txn_0238,,,Jordyn,,,0.0,0.0,0.0,[],SR | Standard 50/50 split,standard,True,0.0,0.0,
txn_0239,,,Ryan,,,0.0,0.0,0.0,[],SR | Standard 50/50 split,standard,True,0.0,0.0,
txn_0240,,,Jordyn,,,0.0,0.0,0.0,[],SR | Standard 50/50 split,standard,True,0.0,0.0,
txn_0513,,,Ryan,Rent,Rent,2119.7200000000003,911.48,-1208.24,['rent'],Rent | 43/57 Split (Ryan Pays),rent,True,-1208.24,0.0,
txn_0514,,,Jordyn,Rent,Rent,0.0,1208.24,1208.24,['rent'],Rent | 43/57 Split (Ryan Pays),rent,True,0.0,1208.24,
txn_0515,,,Ryan,Rent,Rent,2196.4,944.45,-1251.95,['rent'],Rent | 43/57 Split (Ryan Pays),rent,True,-2460.19,0.0,
txn_0516,,,Jordyn,Rent,Rent,0.0,1251.95,1251.95,['rent'],Rent | 43/57 Split (Ryan Pays),rent,True,0.0,2460.19,
txn_0517,,,Ryan,Rent,Rent,2177.81,936.46,-1241.35,['rent'],Rent | 43/57 Split (Ryan Pays),rent,True,-3701.54,0.0,
txn_0518,,,Jordyn,Rent,Rent,0.0,1241.35,1241.35,['rent'],Rent | 43/57 Split (Ryan Pays),rent,True,0.0,3701.54,
txn_0519,,,Ryan,Rent,Rent,2179.58,937.22,-1242.36,['rent'],Rent | 43/57 Split (Ryan Pays),rent,True,-4943.9,0.0,
txn_0520,,,Jordyn,Rent,Rent,0.0,1242.36,1242.36,['rent'],Rent | 43/57 Split (Ryan Pays),rent,True,0.0,4943.9,
txn_0521,,,Ryan,Rent,Rent,2159.41,928.55,-1230.86,['rent'],Rent | 43/57 Split (Ryan Pays),rent,True,-6174.759999999999,0.0,
txn_0522,,,Jordyn,Rent,Rent,0.0,1230.86,1230.86,['rent'],Rent | 43/57 Split (Ryan Pays),rent,True,0.0,6174.759999999999,
txn_0523,,,Ryan,Rent,Rent,2173.85,934.76,-1239.09,['rent'],Rent | 43/57 Split (Ryan Pays),rent,True,-7413.849999999999,0.0,
txn_0524,,,Jordyn,Rent,Rent,0.0,1239.09,1239.09,['rent'],Rent | 43/57 Split (Ryan Pays),rent,True,0.0,7413.849999999999,
txn_0525,,,Ryan,Rent,Rent,2175.81,935.6,-1240.21,['rent'],Rent | 43/57 Split (Ryan Pays),rent,True,-8654.06,0.0,
txn_0526,,,Jordyn,Rent,Rent,0.0,1240.21,1240.21,['rent'],Rent | 43/57 Split (Ryan Pays),rent,True,0.0,8654.06,
txn_0527,,,Ryan,Rent,Rent,2165.94,931.35,-1234.59,['rent'],Rent | 43/57 Split (Ryan Pays),rent,True,-9888.65,0.0,
txn_0528,,,Jordyn,Rent,Rent,0.0,1234.59,1234.59,['rent'],Rent | 43/57 Split (Ryan Pays),rent,True,0.0,9888.65,
txn_0529,,,Ryan,Rent,Rent,2165.1800000000003,931.03,-1234.15,['rent'],Rent | 43/57 Split (Ryan Pays),rent,True,-11122.8,0.0,
txn_0530,,,Jordyn,Rent,Rent,0.0,1234.15,1234.15,['rent'],Rent | 43/57 Split (Ryan Pays),rent,True,0.0,11122.8,
txn_0531,,,Ryan,Rent,Rent,2165.1800000000003,931.03,-1234.15,['rent'],Rent | 43/57 Split (Ryan Pays),rent,True,-12356.949999999999,0.0,
txn_0532,,,Jordyn,Rent,Rent,0.0,1234.15,1234.15,['rent'],Rent | 43/57 Split (Ryan Pays),rent,True,0.0,12356.949999999999,
txn_0533,,,Ryan,Rent,Rent,2090.0,898.7,-1191.3,['rent'],Rent | 43/57 Split (Ryan Pays),rent,True,-13548.249999999998,0.0,
txn_0534,,,Jordyn,Rent,Rent,0.0,1191.3,1191.3,['rent'],Rent | 43/57 Split (Ryan Pays),rent,True,0.0,13548.249999999998,
txn_0535,,,Ryan,Rent,Rent,2090.0,898.7,-1191.3,['rent'],Rent | 43/57 Split (Ryan Pays),rent,True,-14739.549999999997,0.0,
txn_0536,,,Jordyn,Rent,Rent,0.0,1191.3,1191.3,['rent'],Rent | 43/57 Split (Ryan Pays),rent,True,0.0,14739.549999999997,
txn_0537,,,Ryan,Rent,Rent,0.0,0.0,0.0,['rent'],Rent | 43/57 Split (Ryan Pays),rent,True,-14739.549999999997,0.0,
txn_0538,,,Jordyn,Rent,Rent,0.0,0.0,0.0,['rent'],Rent | 43/57 Split (Ryan Pays),rent,True,0.0,14739.549999999997,
txn_0539,,,Ryan,Rent,Rent,0.0,0.0,0.0,['rent'],Rent | 43/57 Split (Ryan Pays),rent,True,-14739.549999999997,0.0,
txn_0540,,,Jordyn,Rent,Rent,0.0,0.0,0.0,['rent'],Rent | 43/57 Split (Ryan Pays),rent,True,0.0,14739.549999999997,
txn_0541,,,Ryan,Rent,Rent,0.0,0.0,0.0,['rent'],Rent | 43/57 Split (Ryan Pays),rent,True,-14739.549999999997,0.0,
txn_0542,,,Jordyn,Rent,Rent,0.0,0.0,0.0,['rent'],Rent | 43/57 Split (Ryan Pays),rent,True,0.0,14739.549999999997,
txn_0543,,,Ryan,Rent,Rent,0.0,0.0,0.0,['rent'],Rent | 43/57 Split (Ryan Pays),rent,True,-14739.549999999997,0.0,
txn_0544,,,Jordyn,Rent,Rent,0.0,0.0,0.0,['rent'],Rent | 43/57 Split (Ryan Pays),rent,True,0.0,14739.549999999997,
txn_0545,,,Ryan,Rent,Rent,0.0,0.0,0.0,['rent'],Rent | 43/57 Split (Ryan Pays),rent,True,-14739.549999999997,0.0,
txn_0546,,,Jordyn,Rent,Rent,0.0,0.0,0.0,['rent'],Rent | 43/57 Split (Ryan Pays),rent,True,0.0,14739.549999999997,
txn_0547,,,Ryan,Rent,Rent,0.0,0.0,0.0,['rent'],Rent | 43/57 Split (Ryan Pays),rent,True,-14739.549999999997,0.0,
txn_0548,,,Jordyn,Rent,Rent,0.0,0.0,0.0,['rent'],Rent | 43/57 Split (Ryan Pays),rent,True,0.0,14739.549999999997,
txn_0549,,,Ryan,Rent,Rent,0.0,0.0,0.0,['rent'],Rent | 43/57 Split (Ryan Pays),rent,True,-14739.549999999997,0.0,
txn_0550,,,Jordyn,Rent,Rent,0.0,0.0,0.0,['rent'],Rent | 43/57 Split (Ryan Pays),rent,True,0.0,14739.549999999997,
txn_0551,,,Ryan,Rent,Rent,0.0,0.0,0.0,['rent'],Rent | 43/57 Split (Ryan Pays),rent,True,-14739.549999999997,0.0,
txn_0552,,,Jordyn,Rent,Rent,0.0,0.0,0.0,['rent'],Rent | 43/57 Split (Ryan Pays),rent,True,0.0,14739.549999999997,
txn_0553,,,Ryan,Rent,Rent,0.0,0.0,0.0,['rent'],Rent | 43/57 Split (Ryan Pays),rent,True,-14739.549999999997,0.0,
txn_0554,,,Jordyn,Rent,Rent,0.0,0.0,0.0,['rent'],Rent | 43/57 Split (Ryan Pays),rent,True,0.0,14739.549999999997,
txn_0555,,,Ryan,Rent,Rent,0.0,0.0,0.0,['rent'],Rent | 43/57 Split (Ryan Pays),rent,True,-14739.549999999997,0.0,
txn_0556,,,Jordyn,Rent,Rent,0.0,0.0,0.0,['rent'],Rent | 43/57 Split (Ryan Pays),rent,True,0.0,14739.549999999997,
txn_0557,,,Ryan,Rent,Rent,0.0,0.0,0.0,['rent'],Rent | 43/57 Split (Ryan Pays),rent,True,-14739.549999999997,0.0,
txn_0558,,,Jordyn,Rent,Rent,0.0,0.0,0.0,['rent'],Rent | 43/57 Split (Ryan Pays),rent,True,0.0,14739.549999999997,
txn_0559,,,Ryan,Rent,Rent,0.0,0.0,0.0,['rent'],Rent | 43/57 Split (Ryan Pays),rent,True,-14739.549999999997,0.0,
txn_0560,,,Jordyn,Rent,Rent,0.0,0.0,0.0,['rent'],Rent | 43/57 Split (Ryan Pays),rent,True,0.0,14739.549999999997,
txn_0561,,,Ryan,Rent,Rent,0.0,0.0,0.0,['rent'],Rent | 43/57 Split (Ryan Pays),rent,True,-14739.549999999997,0.0,
txn_0562,,,Jordyn,Rent,Rent,0.0,0.0,0.0,['rent'],Rent | 43/57 Split (Ryan Pays),rent,True,0.0,14739.549999999997,
txn_0563,,,Ryan,Rent,Rent,0.0,0.0,0.0,['rent'],Rent | 43/57 Split (Ryan Pays),rent,True,-14739.549999999997,0.0,
txn_0564,,,Jordyn,Rent,Rent,0.0,0.0,0.0,['rent'],Rent | 43/57 Split (Ryan Pays),rent,True,0.0,14739.549999999997,
txn_0565,,,Ryan,Rent,Rent,0.0,0.0,0.0,['rent'],Rent | 43/57 Split (Ryan Pays),rent,True,-14739.549999999997,0.0,
txn_0566,,,Jordyn,Rent,Rent,0.0,0.0,0.0,['rent'],Rent | 43/57 Split (Ryan Pays),rent,True,0.0,14739.549999999997,
txn_0567,,,Ryan,Rent,Rent,0.0,0.0,0.0,['rent'],Rent | 43/57 Split (Ryan Pays),rent,True,-14739.549999999997,0.0,
txn_0568,,,Jordyn,Rent,Rent,0.0,0.0,0.0,['rent'],Rent | 43/57 Split (Ryan Pays),rent,True,0.0,14739.549999999997,
txn_0569,,,Ryan,Rent,Rent,0.0,0.0,0.0,['rent'],Rent | 43/57 Split (Ryan Pays),rent,True,-14739.549999999997,0.0,
txn_0570,,,Jordyn,Rent,Rent,0.0,0.0,0.0,['rent'],Rent | 43/57 Split (Ryan Pays),rent,True,0.0,14739.549999999997,
txn_0571,,,Ryan,Rent,Rent,0.0,0.0,0.0,['rent'],Rent | 43/57 Split (Ryan Pays),rent,True,-14739.549999999997,0.0,
txn_0572,,,Jordyn,Rent,Rent,0.0,0.0,0.0,['rent'],Rent | 43/57 Split (Ryan Pays),rent,True,0.0,14739.549999999997,
txn_0573,,,Ryan,Rent,Rent,0.0,0.0,0.0,['rent'],Rent | 43/57 Split (Ryan Pays),rent,True,-14739.549999999997,0.0,
txn_0574,,,Jordyn,Rent,Rent,0.0,0.0,0.0,['rent'],Rent | 43/57 Split (Ryan Pays),rent,True,0.0,14739.549999999997,
txn_0575,,,Ryan,Rent,Rent,0.0,0.0,0.0,['rent'],Rent | 43/57 Split (Ryan Pays),rent,True,-14739.549999999997,0.0,
txn_0576,,,Jordyn,Rent,Rent,0.0,0.0,0.0,['rent'],Rent | 43/57 Split (Ryan Pays),rent,True,0.0,14739.549999999997,
txn_0577,,,Ryan,Rent,Rent,0.0,0.0,0.0,['rent'],Rent | 43/57 Split (Ryan Pays),rent,True,-14739.549999999997,0.0,
txn_0578,,,Jordyn,Rent,Rent,0.0,0.0,0.0,['rent'],Rent | 43/57 Split (Ryan Pays),rent,True,0.0,14739.549999999997,
txn_0579,,,Ryan,Rent,Rent,0.0,0.0,0.0,['rent'],Rent | 43/57 Split (Ryan Pays),rent,True,-14739.549999999997,0.0,
txn_0580,,,Jordyn,Rent,Rent,0.0,0.0,0.0,['rent'],Rent | 43/57 Split (Ryan Pays),rent,True,0.0,14739.549999999997,
txn_0581,,,Ryan,Rent,Rent,0.0,0.0,0.0,['rent'],Rent | 43/57 Split (Ryan Pays),rent,True,-14739.549999999997,0.0,
txn_0582,,,Jordyn,Rent,Rent,0.0,0.0,0.0,['rent'],Rent | 43/57 Split (Ryan Pays),rent,True,0.0,14739.549999999997,
txn_0583,,,Ryan,Rent,Rent,0.0,0.0,0.0,['rent'],Rent | 43/57 Split (Ryan Pays),rent,True,-14739.549999999997,0.0,
txn_0584,,,Jordyn,Rent,Rent,0.0,0.0,0.0,['rent'],Rent | 43/57 Split (Ryan Pays),rent,True,0.0,14739.549999999997,
txn_0585,,,Ryan,Rent,Rent,0.0,0.0,0.0,['rent'],Rent | 43/57 Split (Ryan Pays),rent,True,-14739.549999999997,0.0,
txn_0586,,,Jordyn,Rent,Rent,0.0,0.0,0.0,['rent'],Rent | 43/57 Split (Ryan Pays),rent,True,0.0,14739.549999999997,
txn_0587,,,Ryan,Rent,Rent,0.0,0.0,0.0,['rent'],Rent | 43/57 Split (Ryan Pays),rent,True,-14739.549999999997,0.0,
txn_0588,,,Jordyn,Rent,Rent,0.0,0.0,0.0,['rent'],Rent | 43/57 Split (Ryan Pays),rent,True,0.0,14739.549999999997,
txn_0589,,,Ryan,Rent,Rent,0.0,0.0,0.0,['rent'],Rent | 43/57 Split (Ryan Pays),rent,True,-14739.549999999997,0.0,
txn_0590,,,Jordyn,Rent,Rent,0.0,0.0,0.0,['rent'],Rent | 43/57 Split (Ryan Pays),rent,True,0.0,14739.549999999997,
txn_0591,,,Ryan,Rent,Rent,0.0,0.0,0.0,['rent'],Rent | 43/57 Split (Ryan Pays),rent,True,-14739.549999999997,0.0,
txn_0592,,,Jordyn,Rent,Rent,0.0,0.0,0.0,['rent'],Rent | 43/57 Split (Ryan Pays),rent,True,0.0,14739.549999999997,
txn_0593,,,Ryan,Rent,Rent,0.0,0.0,0.0,['rent'],Rent | 43/57 Split (Ryan Pays),rent,True,-14739.549999999997,0.0,
txn_0594,,,Jordyn,Rent,Rent,0.0,0.0,0.0,['rent'],Rent | 43/57 Split (Ryan Pays),rent,True,0.0,14739.549999999997,
txn_0595,,,Ryan,Rent,Rent,0.0,0.0,0.0,['rent'],Rent | 43/57 Split (Ryan Pays),rent,True,-14739.549999999997,0.0,
txn_0596,,,Jordyn,Rent,Rent,0.0,0.0,0.0,['rent'],Rent | 43/57 Split (Ryan Pays),rent,True,0.0,14739.549999999997,
txn_0597,,,Ryan,Rent,Rent,0.0,0.0,0.0,['rent'],Rent | 43/57 Split (Ryan Pays),rent,True,-14739.549999999997,0.0,
txn_0598,,,Jordyn,Rent,Rent,0.0,0.0,0.0,['rent'],Rent | 43/57 Split (Ryan Pays),rent,True,0.0,14739.549999999997,
txn_0599,,,Ryan,Rent,Rent,0.0,0.0,0.0,['rent'],Rent | 43/57 Split (Ryan Pays),rent,True,-14739.549999999997,0.0,
txn_0600,,,Jordyn,Rent,Rent,0.0,0.0,0.0,['rent'],Rent | 43/57 Split (Ryan Pays),rent,True,0.0,14739.549999999997,
txn_0601,,,Ryan,Rent,Rent,0.0,0.0,0.0,['rent'],Rent | 43/57 Split (Ryan Pays),rent,True,-14739.549999999997,0.0,
txn_0602,,,Jordyn,Rent,Rent,0.0,0.0,0.0,['rent'],Rent | 43/57 Split (Ryan Pays),rent,True,0.0,14739.549999999997,
txn_0603,,,Ryan,Rent,Rent,0.0,0.0,0.0,['rent'],Rent | 43/57 Split (Ryan Pays),rent,True,-14739.549999999997,0.0,
txn_0604,,,Jordyn,Rent,Rent,0.0,0.0,0.0,['rent'],Rent | 43/57 Split (Ryan Pays),rent,True,0.0,14739.549999999997,
